Id,label
-3935637,4
-2815459,3
-2355684,3
-2343303,4
-1981985,2
-1964319,3
-1937877,3
-1813560,3
-1586982,4
-1582718,3
-1311082,2
-1304053,3
-1191173,4
27430139,4
36706968,4
39440457,4
41778876,3
43805247,3
44583884,4
44594286,1
44594293,4
44594295,4
44596573,2
45144605,4
45144610,2
45144613,2
45144616,2
45187032,4
45269029,4
45269079,4
45269083,2
45269086,1
45269087,1
45269113,3
45269121,2
45270042,1
45360587,4
45360588,3
45455122,1
45456685,1
45571723,4
45604260,4
45657173,4
45729182,3
45729183,3
45729185,3
45730983,3
45730985,3
45730986,3
45730991,4
45734547,4
45734567,4
45832978,4
46154237,3
46154243,4
46154248,3
46154249,4
46154269,4
46165051,4
46710215,4
47439474,4
47439502,4
47441573,4
49326586,3
50261050,1
53417413,3
53564001,3
53671603,3
59464801,4
59864827,4
59864840,4
59864933,4
60544431,1
60582546,4
61559794,2
62388759,3
62406587,4
62711787,4
63347943,2
63355475,4
63357248,2
63360063,2
63405164,2
63405687,1
63496996,1
63499013,1
63500855,1
63502907,3
63503381,1
63504056,2
63504352,2
63505437,3
63506729,2
63650263,3
63800957,4
63801474,1
64063757,1
64063766,1
64064514,1
64065003,3
64065337,2
64065347,4
64065459,2
64065488,2
64065588,4
64065617,2
64065840,1
64065947,2
64066070,1
64067272,1
64067492,3
64067659,1
64068548,2
64068578,1
64068850,1
64069165,1
64070232,1
64070589,1
64070909,3
64071209,3
64071308,3
64071813,2
64072482,1
64073258,1
64073304,1
64073738,3
64073826,1
64073884,1
64074749,4
64074810,3
64074910,2
64075485,1
64077168,4
64077340,4
64077435,3
64078117,2
64078143,4
64078451,1
64078658,3
64078865,1
64079222,4
64079333,2
64079703,2
64079847,3
64079986,3
64079995,4
64092616,2
64108799,1
64110561,1
64115595,1
64409115,1
64421053,4
64526204,1
64530897,1
64648769,1
64649269,4
64805270,1
64805314,4
64805558,2
64806288,1
64809659,2
64814069,4
64848601,2
64849246,1
64852281,1
64852311,2
64892146,4
64892981,2
64893092,4
64893548,4
64893964,3
64894397,1
65710503,1
67530797,2
67530972,1
67531281,2
67531310,4
67531322,1
67532241,2
67532269,1
67532283,1
67533015,1
67533049,1
67533069,3
67533104,1
67533207,1
67533216,1
67533251,4
67533435,1
67533796,1
67533932,1
67534095,4
67534230,2
67534808,1
67534838,1
67535703,4
67535716,4
67536087,1
67536181,1
67536330,4
67536519,1
67536590,4
67536937,4
67536993,1
67537176,1
67537188,1
67537252,2
67537268,4
67537692,2
67538087,4
67538130,4
67538501,2
67538591,1
67538655,4
67538992,1
67539296,1
67539384,1
67539475,2
67539631,2
67540188,2
67540289,1
67540454,2
67540770,2
67541048,4
67541201,2
67541582,2
67541606,4
67542104,1
67542328,2
67542612,3
67542983,4
67543632,4
67544044,2
67544212,2
67544472,4
67544644,2
67544809,1
67545477,1
67545524,2
67546442,1
67546462,2
67546724,2
67859527,4
67861200,2
67862151,4
67862731,1
67863050,3
68290368,1
68290502,2
68290534,4
68290583,4
68290590,2
68290680,4
68290725,4
68290726,2
68290751,1
68290877,4
68290890,4
68290983,2
68294488,4
68294506,1
68294507,1
68294533,2
68296163,4
68296192,4
68296211,4
68296242,1
68296319,1
68296374,1
68296390,4
68296405,2
68296427,2
68296429,4
68296462,3
68296545,3
68296581,4
68297168,1
68297170,4
68297209,4
68297214,1
68297221,1
68297229,1
68297247,4
68297273,1
68297291,4
68297295,2
68297296,4
68297312,2
68297320,4
68301909,4
68301938,1
68301949,2
68310105,3
68310122,4
68310147,4
68310184,4
68310188,4
68310197,4
68310215,3
68310236,4
68310280,3
68310300,4
68310305,4
68310317,4
68310335,3
68310571,1
68310589,1
68310590,3
68310642,2
68310668,3
68310697,3
68310966,4
68310988,3
68310989,3
68311090,4
68311217,4
68311305,3
68311525,4
68311527,3
68311571,1
68311585,4
68311787,2
68311918,1
68312074,2
68312086,3
68340469,4
68340481,3
68340496,1
68340558,3
68340562,4
68340582,1
68340590,2
68340593,1
68340594,4
68340673,4
68340675,4
68340685,2
68340701,4
68461548,1
68464539,2
68465243,1
68473483,4
68474929,4
68961159,2
68962319,4
68964494,4
68966819,1
68967512,4
68969449,4
68969993,4
68972601,2
68972972,4
68974114,3
68976962,1
68977286,2
68978015,4
68980139,4
68981133,2
68981913,4
68982906,4
68983688,4
68985065,4
68987415,4
68988334,4
68988557,4
68988759,4
68989160,4
68990899,4
68991422,4
68991547,2
69509641,1
69510007,2
69510181,1
69510224,2
69510417,1
69510614,1
69510669,1
69510697,1
69510836,3
69511000,2
69511107,1
69511198,2
69511280,2
69511386,1
69511394,2
69511494,1
69511561,2
69511661,2
69511792,4
69511824,2
69512125,2
69512187,2
69512213,1
69512469,4
69512505,1
69512592,2
69512594,3
69512628,1
69512853,2
69512894,1
69512960,3
69513181,3
69513217,2
69513535,2
69513566,1
69513682,1
69513757,2
69513836,1
69514055,3
69514060,1
69514125,1
69514301,4
69514395,1
69514689,1
69514767,4
69514787,1
69514802,3
69514879,2
69514896,2
69515090,1
69515138,2
69515171,2
69515379,1
69515420,1
69515431,1
69515679,2
69515682,1
69515725,4
69515858,4
69515964,1
69516199,4
69516214,2
69516276,3
69516328,1
69516367,4
69516377,1
69516390,1
69516551,1
69516560,2
69516620,3
69516724,2
69516764,4
69516766,4
69516928,1
69517115,3
69517506,2
69517525,4
69517734,2
69517818,3
69517869,2
69518061,2
69518200,4
69518405,1
69518536,1
69518557,2
69518665,1
69518838,2
69518959,2
69519035,4
69519093,2
69519122,4
69519186,4
69519219,4
69519478,4
69519516,1
69519728,2
69519908,2
69519968,2
69519974,1
69519995,1
69520040,2
69520109,2
69520202,2
69520420,2
69520663,1
69520736,3
69520833,3
69520856,4
69520918,2
69520930,4
69521048,4
69521072,4
69521085,1
69521090,1
69521091,4
69521122,4
69521176,1
69521267,4
69521306,4
69521346,1
69521352,3
69521462,2
69521555,2
69521594,1
69521602,2
69521668,2
69521692,4
69521874,2
69521881,2
69521910,1
69521956,2
69522009,4
69522128,2
69522210,3
69522399,3
69522528,2
69522612,3
69522672,4
69522779,1
69522854,3
69522886,2
69523037,1
69523127,3
69523134,2
69523136,1
69523186,1
69523197,2
69523222,4
69523249,2
69523415,2
69523449,1
69525772,2
69525859,1
69525872,2
69525956,1
69525972,1
69526003,2
69526011,3
69526138,1
69526156,2
69526304,3
69526365,2
69526373,1
69526433,2
69526440,1
69526653,2
69611866,1
69612395,1
69612487,2
69612996,1
69614292,2
69615948,2
69621111,2
69621633,3
69624057,1
69626683,1
69626907,2
69627699,1
69627738,1
69629861,1
69630464,1
69631048,2
69632757,1
69633858,1
69634354,1
69634357,1
69634635,2
69635477,2
69635694,1
69636417,3
69636762,2
69637761,4
69638145,2
69640691,2
69641118,3
69641120,2
69641265,1
69641521,1
69647974,1
70486832,1
70486846,2
70486956,1
70682374,4
70682426,2
70682598,4
70682857,2
70683186,4
70683297,1
70683421,1
70830513,1
71178322,3
71178381,4
71178411,1
71178437,1
71182719,1
71299607,4
71299674,2
71299894,2
71300016,3
71300276,4
71300288,1
71300416,3
71300467,3
71300622,1
71300812,3
71300936,3
71300995,1
71301096,3
71301719,1
71301743,3
71301933,3
71302080,3
71302272,3
71302574,3
71302702,4
71303017,2
71303442,3
71303682,2
71303767,2
71304143,1
71304365,3
71304525,4
71304695,3
71304738,3
71305441,3
71305965,3
71449872,1
71452244,1
71460572,2
71848839,4
71849006,1
71849036,4
71849071,2
71849137,4
71849315,3
71849587,3
71849612,4
71849752,4
71849762,1
71849812,2
71850073,1
71850137,4
71850295,4
71850301,1
71850682,4
71850757,3
71851374,2
71851521,1
71851641,4
71851665,1
71853101,1
71853322,3
71853888,1
71853997,2
71854075,4
71854091,3
71854189,4
71854327,3
71854367,4
71854376,1
71854590,2
71855067,4
71856117,3
71856349,3
71856425,1
71856440,3
71857303,4
71857636,2
71857692,2
71858033,2
71858190,1
71858494,1
71858624,1
71858779,2
72115905,4
72116352,4
72120540,4
72232366,1
72232512,2
72232554,4
72232595,1
72233745,1
72233755,2
72233761,1
72233772,3
72233844,4
72233878,1
72233881,4
72234737,2
72234784,1
72241749,1
72245645,1
72247293,3
72257154,4
72262654,2
72263247,1
72400927,1
72400967,4
72401028,4
72401086,4
72401565,1
72414286,4
72414454,2
72420945,4
72456118,4
72456131,4
72456145,4
72456146,4
72456179,1
72456219,1
72456238,4
72456300,2
72456442,4
72456470,4
72456487,4
72457057,1
72457075,2
72457082,1
72457085,1
72457183,1
72457210,1
72457230,1
72457241,1
72457246,1
72457266,1
72457274,2
72457301,2
72457303,1
72457327,1
72457358,1
72457380,3
72457394,4
72457398,1
72457407,2
72457430,1
72457752,1
72457772,4
72457838,2
72457965,1
72631264,1
72631323,2
72631357,1
72631362,4
72631409,2
72631423,4
72631433,4
72631443,2
72631514,1
72631536,2
72631677,1
72631999,4
72632083,1
72632136,1
72632148,2
72632207,1
72632235,4
72632278,4
72632566,3
72632753,4
72632835,2
72632894,2
72632930,1
72633031,1
72633046,1
72633097,1
72633331,2
72633332,1
72633346,1
72633667,2
72634038,1
72634051,4
72634130,2
72634177,2
72634265,1
72634318,1
72634495,4
72634513,4
72634787,1
72634794,1
72634827,1
72634968,3
72635085,4
72635131,4
72635544,1
72635634,1
72635794,1
72635847,4
72635875,1
72635881,1
72636057,1
72636177,4
72636183,4
72636185,2
72636397,1
72636462,1
72636500,2
72636608,4
72636609,3
72636626,1
72636715,1
72636719,1
72636723,1
72636769,1
72636787,4
72636832,1
72636854,1
72636911,4
72636914,4
72636993,1
72637053,2
72637232,1
72637313,1
72637439,1
72637514,1
72637518,1
72637549,1
72637695,1
72637705,4
72637741,2
72637811,1
72637880,1
72638029,1
72638050,4
72638109,1
72638130,1
72638205,1
72638216,4
72638245,4
72638254,1
72638314,4
72638335,4
72638472,1
72638616,2
72638697,4
72638702,1
72638738,1
72638745,2
72638921,2
72639314,1
72639401,1
72639442,1
72639543,1
72639580,4
72639608,1
72639621,1
72639715,2
72639758,2
72639966,1
72639969,1
72640157,1
72640187,4
72640305,1
72640373,1
72640420,1
72640426,1
72640600,1
72640610,4
72640617,2
72640715,4
72640821,4
72640846,1
72640901,3
72640905,2
72640948,2
72640974,4
72641028,4
72641165,2
72641313,1
72641407,4
72641749,2
72641894,1
72641909,1
72641950,4
72641973,2
72642014,1
72642197,3
72642267,1
72642274,1
72642367,4
72642403,1
72642421,1
72642522,1
72642699,1
72731092,2
72731351,4
72731383,4
72731434,2
72731947,1
72732133,2
72732319,4
72732469,1
72732684,4
72732897,2
72733248,1
72733758,1
72738889,4
72738928,2
72739093,1
72739098,2
72739291,1
72739431,1
72739478,3
72739734,2
72749229,1
72749243,2
72749298,1
72749353,2
72749688,4
72749764,2
72749910,1
72749927,2
72757679,1
72757701,1
72757968,2
72763128,1
72763281,2
72766414,4
72766626,1
72768878,1
72768943,1
72769100,4
72848649,1
72849505,4
72849683,2
72850133,4
72850375,2
72850378,1
72850470,4
72850580,3
73029876,1
73030076,1
73031832,2
73031848,4
73031858,1
73031992,2
73032009,2
73032029,1
73032057,4
73032059,2
73032227,2
73032380,1
73032417,2
73032445,1
73037630,1
73037642,1
73037937,4
73037961,2
73037977,3
73038082,4
73038130,2
73038219,4
73039129,4
73039159,4
73039375,1
73039477,4
73040255,2
73040271,4
73040301,2
73042292,1
73042293,1
73042529,1
73042981,1
73043002,1
73046637,1
73046663,1
73046704,1
73046761,4
73046771,1
73046789,1
73046790,1
73046793,4
73046831,1
73046856,1
73046887,1
73046894,1
73046921,1
73046956,1
73046962,1
73047027,1
73047048,1
73047071,1
73047090,2
73047093,4
73047107,1
73047111,1
73047116,1
73047120,4
73049350,4
73049385,1
73049690,1
73051967,2
73052342,2
73052347,4
73088916,2
73089842,1
73090134,2
73090259,4
73254946,1
73255056,4
73255179,1
73255266,1
73255344,1
73255746,1
73255762,1
73255808,1
73255826,1
73260968,1
73271756,2
73276642,4
73280845,1
73281165,3
73281682,4
73282074,1
73282545,2
73286574,2
73289637,3
73289653,1
73289807,2
73292329,2
73292364,1
73292465,4
73294630,4
73294651,1
73294672,1
73294796,4
73294999,4
73295129,4
73295243,1
73784233,2
73784255,1
73784293,2
73784473,2
73784480,1
73784484,1
73784490,2
73784532,2
73784590,2
73784612,1
73784647,1
73784741,2
73784762,1
73784812,4
73784829,3
73784838,4
73784927,2
73784934,1
73784990,1
73785012,1
73785023,2
73785026,1
73785048,2
73785078,3
73785194,1
73785268,2
73785310,2
73785334,2
73785362,2
73785372,2
73785374,1
73785481,2
73785488,1
73785503,2
73785582,1
73785638,1
73785784,3
73785822,1
73785847,1
73785848,1
73785885,1
73785890,2
73785894,4
73786000,2
73786082,1
73786125,3
73786160,2
73786163,4
73786180,2
73786209,1
73786228,1
73786233,2
73786375,2
73786465,1
73786500,1
73786527,1
73786622,3
73786635,1
73786722,1
73786794,1
73786796,4
73786812,2
73786820,1
73786853,2
73786980,3
73787037,2
73787068,3
73787097,2
73787126,1
73787216,1
73787242,4
73787253,2
73787256,1
73787284,2
73787315,2
73787324,1
73787476,1
73787490,1
73787527,1
73787552,2
73787573,3
73787616,2
73787712,1
73787794,4
73787816,3
73787871,1
73787924,1
73788024,1
73788042,2
73788059,1
73788065,2
73788069,1
73788101,1
73788146,2
73788181,2
73788182,2
73788263,1
73788332,3
73788337,1
73788391,4
73788491,1
73788524,2
73788548,2
73788555,1
73788579,3
73788588,1
73788595,2
73788604,3
73788610,1
73788627,2
73788697,3
73788759,1
73788796,1
73788808,1
73788885,3
73789051,1
73789134,2
73789184,2
73789188,2
73789223,1
73789251,2
73789282,2
73789301,1
73789325,4
73789336,1
73789367,2
73789410,1
73789486,4
73789538,1
73789550,1
73789554,1
73789661,1
73789781,2
73789783,2
73789889,1
73789925,2
73790046,1
73790231,1
73790256,3
73790409,2
73790423,1
73790430,1
73790447,1
73790507,1
73790518,2
73790570,1
73790610,3
73790710,1
73790770,2
73790851,4
73790858,2
73790872,1
73790917,1
73791021,2
73791040,2
73791120,4
73791142,1
73791206,1
73791270,3
73791279,1
73791330,2
73791334,2
73791434,2
73791474,3
73791477,4
73791480,1
73791522,1
73791540,1
73791573,1
73791580,1
73791607,1
73791614,1
73791662,1
73791665,1
73791703,1
73791712,2
73791734,1
73791739,2
73791745,1
73791747,4
73791756,2
73791807,1
73791823,1
73791934,2
73791968,1
73792006,1
73792027,2
73792055,1
73792125,2
73792155,4
73792366,1
73792379,2
73792390,3
73792452,1
73792484,1
73792487,2
73792526,3
73792600,1
73792738,2
73792761,1
73792828,2
73792835,1
73792901,1
73792984,4
73793058,2
73793092,4
73793106,1
73793145,2
73793151,1
73793184,4
73793237,1
73793274,2
73793397,1
73793433,3
73793443,1
73793513,1
73793733,1
73793768,2
73793805,2
73793829,2
73793842,1
73793941,1
73794016,1
73794097,2
73794126,1
73794132,3
73794154,4
73794160,2
73794216,1
73794218,3
73794245,1
73794320,1
73794322,4
73794440,1
73794466,2
73794483,2
73794521,3
73794587,1
73794598,3
73794632,2
73794713,2
73794722,2
73794743,2
73794810,1
73794880,1
73794886,3
73794895,3
73794921,1
73795047,1
73795054,1
73795075,1
73795097,2
73795149,2
73795160,3
73795172,4
73795181,2
73795275,1
73795300,2
73795382,2
73795580,1
73795691,2
73795722,1
73795944,2
73795978,3
73796048,3
73796086,3
73796090,1
73796094,1
73796133,1
73796154,4
73796164,1
73796205,1
73796223,2
73796307,4
73796339,2
73796366,1
73796429,2
73796480,1
73796553,1
73796657,4
73796665,1
73796671,1
73796803,4
73796847,1
73796890,4
73796964,2
73797017,1
73797038,2
73797204,1
73797266,3
73797273,3
73797284,4
73797293,1
73797317,2
73797338,1
73797380,1
73797570,2
73797727,4
73797861,2
73797889,1
73797891,3
73797903,2
73797921,1
73797978,1
73798009,4
73798148,1
73798162,3
73798181,4
73798307,1
73798330,1
73798340,1
73798376,3
73798428,4
73798483,1
73798506,1
73798624,2
73798692,1
73798718,4
73798739,1
73798839,4
73798889,1
73798913,1
73798921,1
73798949,2
73798985,1
73799003,4
73799066,1
73799104,1
73799171,3
73799192,1
73799201,3
73799208,1
73799268,1
73799311,3
73799316,4
73799349,2
73799447,1
73799540,2
73799697,1
73799709,3
73799731,2
73799748,2
73799749,1
73799784,1
73799841,4
73799940,2
73799998,2
73800039,1
73800081,1
73800099,1
73800157,1
73800219,1
73800234,1
73800243,3
73800284,4
73800312,2
73800487,1
73800519,1
73800551,2
73800569,1
73800571,2
73800599,1
73800648,2
73800712,4
73800802,1
73800892,2
73800895,1
73800935,2
73801082,1
73801093,1
73801125,2
73801286,2
73801328,3
73801340,2
73801429,1
73801445,2
73801473,1
73801508,2
73801510,2
73801634,4
73801730,4
73801738,1
73801864,2
73801934,1
73801960,1
73801976,1
73802012,1
73802089,1
73802153,1
73842926,2
73846157,2
74234228,2
74494270,3
74696190,4
74707709,1
74707953,4
74710596,2
74816437,1
74865380,2
75017944,2
75084328,2
75098941,3
75545219,4
75546130,2
75546817,4
75547012,2
75547382,4
75548166,4
75548817,4
75549513,4
75549870,2
75909691,1
75915668,1
75916037,1
75921314,4
75921489,4
75921557,2
75921604,2
75921715,1
75922052,1
75937227,1
75937244,1
75937278,4
75937289,4
75937311,4
75937323,1
75937366,1
75937388,1
75937441,1
75937446,2
75937455,1
75937459,2
75937474,2
75937480,2
75937503,2
75937558,4
75937562,1
75937611,1
75937641,4
75937644,4
75937648,1
75937666,1
75937672,4
75937704,1
75937756,1
75937793,1
75937839,1
75937858,1
75937860,4
75937862,1
75937871,1
75937881,2
75937954,2
75937957,1
75938098,1
75938100,1
75938143,2
75938161,1
75938177,4
75938232,4
75938248,1
75938257,4
75938261,1
75938281,4
75938298,1
75938350,1
75938395,1
75938478,1
75938479,2
75938536,4
75938541,2
75938582,1
75938735,3
75938844,1
75938874,1
75938915,1
75938916,1
75939122,1
75939147,1
75939213,2
75939249,1
75939258,1
75939606,1
75939644,1
75939713,4
75939717,1
75939863,2
75939916,2
75939923,4
75940122,1
75940172,1
75940203,1
75940296,1
75940342,1
75940384,1
75940405,1
75940501,3
75940555,1
75940631,1
75940721,1
75940745,2
75940749,4
75940788,1
75940795,1
75940845,1
75940861,1
75940873,4
75940923,1
75940945,4
75941020,4
75941023,1
75941060,1
75941087,2
75941107,1
75941126,1
75941143,1
75941191,2
75941221,2
75941244,1
75941273,2
75941300,4
75941360,4
75941374,1
75941420,1
75941436,4
75941451,1
75941487,2
75941525,4
75941570,2
75941596,4
75941641,1
75941648,1
75941672,4
75941703,4
75941706,3
75941738,2
75941776,1
75941800,1
75941848,2
75941853,1
75941872,1
75941899,1
75941908,1
75941973,1
75942094,1
75942115,4
75942116,4
75942204,4
75942293,1
75942402,1
75942456,2
75942493,1
75942522,1
75942534,1
75942538,4
75942637,2
75942678,1
75942682,2
75942717,1
75942765,1
75942828,1
75942877,4
75942892,1
75942895,1
75942938,1
75942953,4
75942969,3
75942975,1
75942981,2
75942986,1
75943004,4
75943007,1
75943111,2
75943116,1
75943123,1
75943214,2
75943216,4
75943259,2
75943276,1
75943316,1
75943334,1
75943351,2
75943353,1
75943406,1
75943578,1
75943664,2
75943684,1
75943687,1
75943699,1
75943709,1
75943714,2
75943716,4
75943717,4
75943720,2
75943743,1
75943744,1
75943755,1
75943844,1
75943855,1
75943860,1
75943897,1
75943908,2
75943972,1
75943974,1
75944007,1
75944030,2
75944089,1
75944098,1
75944099,1
75944111,4
75944135,2
75944149,3
75944157,1
75944163,1
75944309,4
75944334,1
75944365,1
75944398,1
75944430,1
75944433,1
75944464,4
75944472,2
75944478,1
75944507,1
75944518,4
75944588,2
75944590,1
75944594,1
75944598,3
75944612,4
75944660,1
75944668,1
75944709,2
75944730,2
75944753,1
75944801,4
75944819,2
75944835,1
75947751,1
75947761,1
75947803,1
75947805,4
75947877,2
75947886,1
75947890,1
75947892,1
75947900,4
75947903,1
75947907,4
75947914,4
75947956,1
75947967,1
75947980,2
75948011,1
75948058,1
75948061,1
75948086,1
75948094,1
75948105,1
75948121,1
75948133,4
75948147,1
75948166,1
75948214,1
75948218,1
75948219,1
75948230,1
75948232,1
75948237,4
75948268,1
75948292,1
75948298,1
75948301,1
75948347,1
75948349,1
75948384,1
75948412,2
75948433,1
75948435,1
75948449,1
75948450,2
75948466,2
75948475,1
75948496,1
75948530,1
75948535,1
75948548,1
75948573,1
75948616,1
75948672,1
75948705,4
75948721,2
75948760,1
75948814,1
75948846,1
75948850,1
75948855,1
75948862,1
75948925,1
75948970,4
75948978,1
75949005,1
75949019,2
75949033,1
75949038,1
75949046,1
75949052,1
75949061,1
75949068,1
75949075,2
75949079,1
75949085,4
75949103,1
75949108,1
75949167,1
75949170,4
75949194,1
75949211,4
75949246,4
75949276,2
75949289,4
75949303,4
75949336,4
75949342,2
75949348,4
75949379,1
75949380,1
75949396,1
75949400,4
75949409,1
75949428,1
75949452,1
75949488,1
75949532,4
75949567,1
75949623,1
75949634,2
75949721,1
75949735,1
75949747,2
75949760,1
75949780,1
75949793,1
75949795,1
75949828,1
75949875,1
75949892,1
75949909,1
75949914,4
75949964,1
76011223,2
76011460,3
76011531,4
76011835,1
76011952,1
76018074,3
76018079,3
76018463,4
76018470,4
76025705,4
76025783,1
76025852,2
76025887,1
76026723,4
76026918,3
76150537,2
76150542,3
76150641,1
76150650,1
76150723,1
76150755,1
76150764,1
76150830,1
76150850,3
76150862,1
76150939,1
76151008,3
76151017,1
76151188,4
76151204,1
76151244,2
76151300,1
76151313,2
76151315,1
76151361,4
76151367,1
76151478,1
76151546,1
76151554,1
76151572,1
76151624,1
76151650,1
76151664,1
76151682,2
76151697,1
76151703,4
76151723,1
76151738,2
76151779,2
76151826,1
76151831,4
76151886,1
76151973,2
76151977,1
76152007,1
76152052,4
76152125,2
76152134,2
76152159,1
76152172,1
76152238,1
76152279,1
76152290,1
76152384,1
76152425,2
76152520,1
76152651,1
76152712,1
76152836,1
76152883,2
76153000,1
76153025,1
76153165,1
76153255,4
76153266,1
76153315,1
76153322,1
76153399,1
76153408,3
76153593,1
76153597,4
76153601,1
76153602,1
76153616,4
76153638,4
76153652,1
76153664,4
76153703,4
76153705,4
76153709,1
76153710,1
76153733,2
76153837,2
76153868,1
76153887,2
76153896,4
76153951,2
76153988,1
76153994,2
76154005,1
76154061,1
76154076,1
76154078,2
76154129,4
76154152,2
76154229,2
76154234,2
76154274,1
76154304,1
76154311,1
76154353,2
76154363,1
76154423,1
76154434,1
76154445,4
76154493,1
76154499,1
76154506,1
76154515,2
76154585,2
76154798,1
76154825,2
76154833,1
76154862,1
76154894,1
76154904,1
76154942,2
76154957,1
76154971,1
76154982,1
76154993,1
76154994,4
76155007,1
76155012,1
76155028,4
76155033,2
76155098,1
76155132,2
76155138,1
76155155,1
76155167,4
76155216,2
76155221,1
76155258,2
76155346,2
76155354,4
76155393,1
76155449,4
76155470,1
76155504,1
76155506,1
76155521,4
76155563,1
76155571,1
76155581,1
76155598,4
76155643,2
76155666,1
76155677,3
76155682,4
76155698,1
76155700,1
76155733,1
76155750,1
76155779,1
76155908,2
76155916,1
76155928,1
76155951,1
76155966,1
76155978,1
76155985,1
76156021,1
76156026,1
76156032,4
76156065,1
76156092,1
76156140,4
76156154,1
76156156,1
76156182,4
76156217,2
76156228,1
76156229,2
76156266,1
76156300,3
76156304,2
76156365,1
76156385,1
76156396,1
76156404,1
76156423,1
76156468,1
76156527,2
76156533,4
76156555,2
76156569,1
76156581,2
76156589,1
76207135,1
76207166,1
76207181,1
76207191,2
76207199,1
76207291,4
76207326,1
76207381,4
76207445,1
76207446,1
76207451,1
76207488,4
76207493,1
76207507,1
76207517,2
76207536,1
76207554,4
76207586,4
76207598,4
76207603,1
76207680,1
76207740,1
76207784,2
76207848,3
76207872,2
76207873,2
76207897,1
76207909,1
76207915,1
76207935,1
76207941,2
76207999,1
76208005,2
76208007,2
76208142,1
76208152,2
76208198,1
76208201,1
76208203,4
76208225,1
76208276,1
76208280,1
76208334,1
76208381,1
76208395,3
76208522,2
76208538,1
76208551,1
76208563,1
76208623,4
76208628,1
76208635,1
76208663,1
76208675,2
76208679,1
76208685,4
76208690,4
76208759,4
76208798,1
76208813,1
76208814,2
76208832,1
76208866,1
76208870,1
76208873,1
76208896,1
76208911,1
76208914,1
76209030,1
76209084,4
76209095,1
76209122,1
76209128,4
76209130,1
76209156,2
76209184,2
76209222,1
76209259,1
76209273,3
76209278,1
76209349,1
76209350,4
76209352,2
76209361,2
76209394,2
76209401,4
76209402,1
76209415,1
76209420,1
76209441,4
76209456,2
76209475,1
76209490,1
76209493,2
76209500,1
76209501,1
76209502,4
76209521,1
76209558,4
76209563,2
76209596,1
76209604,2
76209619,1
76209647,1
76209652,2
76209696,1
76209698,1
76209722,1
76209777,4
76209818,4
76209865,2
76209866,1
76209912,1
76209965,2
76209977,2
76209984,1
76209989,1
76209995,4
76209997,1
76210005,1
76210048,1
76210151,1
76210161,1
76210182,2
76210184,4
76210185,1
76210188,1
76210204,1
76210222,4
76210278,1
76210287,1
76210313,2
76210352,2
76210357,1
76210390,2
76210391,1
76210411,2
76210432,1
76210482,1
76210491,1
76210619,1
76210695,4
76210729,2
76210734,1
76210738,2
76210746,1
76210767,1
76210771,1
76210774,4
76210778,1
76210823,1
76210898,1
76210922,2
76210956,2
76211026,4
76211031,1
76211040,1
76211042,1
76211053,2
76211101,1
76211130,1
76211131,1
76211180,1
76211183,1
76211187,1
76211188,1
76211218,1
76211227,1
76211240,4
76211246,1
76211259,1
76211274,3
76211294,1
76211332,1
76211335,1
76211361,2
76211404,1
76211429,2
76211476,2
76211488,4
76211489,4
76211522,1
76211533,1
76211538,1
76211562,1
76211582,2
76211611,1
76211617,1
76211680,2
76211692,2
76211701,1
76211723,1
76211726,1
76211753,1
76211841,4
76211859,1
76211861,4
76211873,1
76211885,1
76238083,1
76238404,1
76238908,4
76238952,1
76239009,1
76239023,4
76239255,1
76239435,1
76239446,4
76239508,1
76239547,4
76239632,1
76239675,2
76239699,1
76239781,1
76239833,1
76239942,1
76239943,1
76240152,4
76240350,1
76240539,1
76240681,4
76240712,1
76240762,4
76240882,1
76241055,1
76241089,4
76241124,1
76241175,1
76241176,1
76241218,3
76241542,2
76241644,4
76241678,2
76241762,2
76241991,1
76242099,3
76242140,1
76242144,2
76242392,1
76242418,2
76242429,4
76242552,1
76242731,4
76242747,2
76242748,1
76242895,1
76242905,4
76243100,1
76243170,1
76243483,3
76243506,1
76243601,2
76243636,1
76243915,2
76244191,1
76244329,2
76244351,1
76244491,2
76244501,4
76244724,4
76244834,4
76244898,1
76245616,1
76245628,1
76282873,1
76282887,2
76283083,1
76283134,4
76283136,1
76283146,1
76283208,1
76283399,1
76283540,1
76283651,1
76283669,1
76283747,1
76283751,1
76283755,1
76283766,2
76283809,4
76284029,2
76284044,4
76284153,1
76284468,1
76284472,1
76284478,4
76284570,4
76284617,1
76284677,4
76284711,1
76284735,1
76284752,1
76285049,1
76285073,1
76285152,1
76285210,1
76285231,4
76285272,1
76285312,1
76285315,1
76285323,1
76296278,1
76296473,1
76297688,1
76298426,1
76298548,3
76298678,2
76299017,4
76299537,4
76301760,2
76302131,3
76302194,2
76302403,1
76302429,2
76302635,2
76303336,1
76305707,3
76306198,3
76307261,4
76307293,4
76307581,1
76308454,3
76308646,1
76308819,3
76308828,2
76308846,4
76309425,1
76309430,4
76309498,1
76309528,2
76309651,1
76309689,1
76309727,2
76309898,1
76309905,1
76309991,3
76310218,1
76310264,1
76310315,1
76310373,4
76310418,1
76310434,2
76310477,1
76310555,2
76310565,1
76310585,1
76310616,2
76310650,1
76310684,4
76310722,1
76311035,4
76311064,1
76311080,2
76311150,1
76311188,1
76311272,1
76311346,2
76311553,1
76311562,2
76311590,1
76311605,1
76311648,1
76311683,1
76311829,3
76311838,2
76311850,3
76311851,4
76311930,1
76311957,2
76312007,4
76312026,4
76312107,1
76312129,2
76312187,1
76312190,1
76312240,4
76312359,4
76312473,2
76312550,4
76312590,1
76312658,1
76312754,1
76312759,1
76312760,2
76312787,1
76312855,1
76312874,2
76312889,4
76312916,1
76312950,1
76312978,1
76313089,1
76313146,1
76313148,1
76313151,1
76313234,2
76313244,1
76313346,1
76313362,4
76313520,1
76313653,1
76313951,1
76314003,4
76314007,1
76314011,4
76314019,2
76314115,1
76314143,4
76314153,2
76314177,2
76314235,2
76314313,2
76314347,1
76314374,1
76314463,1
76314539,1
76314606,1
76314613,2
76314671,1
76314684,2
76314863,1
76314912,2
76314932,2
76314971,1
76315100,4
76315165,2
76316476,3
76316495,4
76317375,3
76317878,3
76318008,2
76318876,3
76319524,2
76319996,4
76320080,1
76320646,1
76321493,3
76321584,4
76321683,1
76322037,3
76322178,4
76322460,4
76323249,4
76323353,1
76325031,3
76325234,3
76325331,1
76325639,1
76328638,2
76328713,3
76329045,2
76329909,4
76330347,2
76330436,3
76331383,3
76441449,1
76441453,1
76441691,4
76443043,1
76444217,1
76446456,4
76446632,1
76446974,4
77005397,2
77124485,1
77124502,4
77124713,1
77124718,4
77124770,1
77124902,1
77125143,1
77125254,1
77125280,1
77125403,1
77125673,2
77125992,1
77126017,2
77126030,1
77126060,3
77126080,1
77126103,1
77126126,2
77126194,1
77126365,2
77126500,1
77126558,1
77126756,1
77127078,1
77127174,1
77127200,1
77127208,1
77127261,1
77127264,2
77127464,2
77127486,1
77127540,1
77127595,1
77127622,1
77127739,4
77127756,1
77127847,1
77127864,1
77127866,1
77127947,2
77127953,1
77128082,1
77128307,1
77128686,1
77128796,1
77128818,2
77128901,2
77129319,1
77129583,4
77129687,1
77129735,1
77130712,1
77131666,4
77131832,2
77131923,1
77131962,4
77132023,2
77132414,1
77132862,2
77133704,2
77134588,1
77134656,2
77135454,4
77135874,2
77135950,1
77136146,4
77136470,1
77136954,2
77137844,1
77137935,1
77138065,1
77138428,3
77138886,1
77138908,1
77139382,1
77139552,1
77139688,2
77139793,1
78335696,1
78335708,4
78336727,1
78336734,1
78336742,2
78337222,2
78357087,2
78357091,4
78357172,2
78360002,4
78360005,1
78376462,1
78376467,1
78376468,3
78376478,1
78376491,3
78376492,3
78376496,1
78376521,3
78376523,1
78376528,3
78376544,1
78376546,1
78376561,1
78376562,3
78376563,4
78376567,1
78376570,1
78376596,3
78376597,3
78376605,2
78376610,1
78376612,3
78376620,3
78376623,3
78376630,1
78376631,1
78376644,2
78376646,1
78376650,3
78376655,1
78376656,1
78376657,3
78376661,1
78376665,3
78376666,3
78376677,3
78376681,4
78376702,1
78376708,4
78376714,3
78376723,1
78376731,1
78376733,1
78376747,3
78376748,1
78376757,4
78376763,3
78376774,1
78376785,1
78376796,1
78376800,4
78376801,3
78376806,1
78376807,4
78376826,3
78376832,3
78376836,3
78376889,2
78376896,1
78376898,1
78376937,1
78376951,3
78376952,1
78376969,3
78376970,1
78376975,3
78376976,2
78376989,3
78376994,3
78377000,3
78377012,1
78377024,3
78377045,2
78377054,1
78377064,3
78377065,1
78377077,1
78377087,1
78377092,1
78377094,2
78377095,3
78377104,4
78377105,2
78377106,2
78377110,4
78377118,1
78377127,3
78377162,2
78377163,3
78377166,4
78377168,1
78377174,3
78377186,2
78377198,1
78377201,3
78377207,1
78377215,1
78377216,3
78377233,1
78377235,1
78377237,1
78377241,3
78377262,4
78377266,3
78420467,4
78420472,1
78420489,1
78420490,4
78420494,1
78420508,1
78420509,4
78420554,3
78420560,1
78420567,2
78420572,1
78420599,4
78420621,4
78420625,1
78420639,2
78420645,4
78420668,1
78420671,1
78420753,4
78420765,2
78420774,2
78420801,1
78420817,3
78420887,1
78420896,1
78420897,2
78420905,2
78420909,1
78420944,1
78420946,4
78420961,4
78420972,2
78420999,4
78421020,1
78421032,4
78421034,2
78421055,1
78421090,1
78421110,4
78421144,4
78421192,3
78421197,3
78421202,1
78421203,1
78421213,3
78421214,2
78421218,1
78421228,2
78421244,1
78421261,1
78421265,4
78421279,1
78421291,1
78421326,1
78421327,2
78421379,4
78421385,2
78421405,2
78421416,1
78421438,4
78421449,2
78421455,1
78421476,4
78421485,2
78421512,2
78421525,1
78421535,2
78421542,2
78421569,1
78421581,2
78421594,2
78421600,2
78421607,1
78421609,1
78421613,3
78421614,1
78421616,1
78421640,1
78421648,1
78421654,1
78421655,3
78421659,1
78421682,1
78421692,1
78421727,1
78421735,1
78421756,4
78421773,3
78421774,1
78421795,1
78421798,1
78421815,1
78421838,2
78421844,2
78421864,1
78421869,1
78421872,4
78421876,1
78421886,3
78421899,4
78421915,1
78421916,1
78421951,4
78421964,1
78421998,1
78422004,4
78422009,1
78422029,1
78422038,2
78422047,1
78422109,2
78422123,1
78422141,1
78422148,4
78422194,2
78422207,1
78422221,2
78422229,2
78422236,4
78422276,2
78422294,2
78422298,2
78422301,1
78422309,2
78422333,4
78422351,1
78422369,1
78422411,1
78422442,2
78422465,2
78422490,4
78422493,2
78422499,1
78422511,4
78422519,2
78422551,1
78422553,1
78422557,1
78422558,3
78422559,1
78422587,1
78422625,2
78422635,4
78422638,1
78422698,1
78422732,1
78422734,1
78422758,3
78422764,1
78422773,4
78422776,1
78422777,1
78422791,1
78422793,2
78422800,2
78422833,1
78422840,1
78422846,3
78422870,1
78422881,1
78422915,1
78422920,1
78422944,2
78422979,4
78422981,4
78423050,4
78423055,1
78423063,1
78423076,1
78423079,3
78423080,4
78423088,3
78423095,1
78423108,2
78423119,2
78423143,1
78432632,4
78432972,1
78433153,4
78433250,4
78518975,3
78518983,2
78518985,2
78518998,1
78519020,4
78519060,1
78519062,1
78519066,2
78519068,3
78519081,2
78519139,3
78519167,1
78519170,1
78519177,3
78519178,2
78519213,1
78519215,2
78519221,1
78519233,2
78519265,2
78519297,2
78519303,1
78519304,3
78519313,1
78519330,1
78519338,4
78519352,1
78519373,3
78519374,1
78519379,3
78519425,2
78519458,1
78519459,4
78519463,2
78519469,1
78519484,1
78519487,2
78519504,2
78519510,1
78519517,4
78519598,1
78519625,1
78519631,4
78519634,3
78519644,2
78519655,1
78519702,2
78519705,1
78519708,1
78519709,4
78519712,4
78519725,2
78519731,3
78519732,4
78519746,1
78519816,4
78533585,4
78533634,2
78533749,2
78533831,4
78533850,2
78534041,1
78534081,2
78534424,1
78534585,1
78535318,3
78535325,4
78535384,4
78535653,4
78535852,4
78535866,1
78535947,2
78536055,3
78536091,4
78536125,4
78536180,4
78536374,1
78536447,2
78536538,1
78536590,4
78536678,1
78536772,4
78536869,1
78537105,4
78537221,4
78537233,4
78537354,2
78537467,2
78543169,3
78543180,4
78543317,3
78543500,3
78544295,3
78545388,3
78569259,2
78569327,1
78569483,1
78569484,1
78569525,1
78569536,1
78569542,1
78569583,1
78569728,1
78569764,1
78569803,1
78569867,1
78569937,2
78569981,4
78570118,1
78570212,1
78570384,1
78570592,1
78570600,1
78570709,1
78570734,1
78570767,4
78570839,4
78570889,2
78571171,1
78571191,1
78571563,1
78571621,1
78571627,1
78571668,1
78571744,4
78571751,4
78571804,4
78571867,1
78571880,2
78572046,4
78572081,4
78572211,1
78572248,2
78572259,1
78572278,1
78572293,1
78572376,1
78572447,2
78572456,1
78572479,4
78572494,1
78572532,1
78572601,2
78572699,4
78572733,1
78572769,2
78573082,1
78573094,4
78617971,1
78617973,1
78617976,1
78617988,2
78618017,1
78618018,3
78618030,4
78618039,1
78618050,1
78618077,1
78618084,1
78618131,1
78618137,4
78618141,1
78618162,1
78618174,1
78618183,1
78618204,1
78618218,1
78618236,1
78618238,2
78618250,1
78618252,1
78618293,3
78618295,1
78618300,1
78618316,3
78618326,2
78618353,4
78618357,1
78618382,1
78618387,1
78618398,1
78618434,1
78618438,4
78618488,1
78618489,1
78618514,1
78618550,4
78618558,1
78618595,1
78618618,2
78618644,2
78618675,1
78618688,2
78618690,1
78618702,2
78618801,1
78618806,1
78618809,1
78618846,1
78618884,1
78618897,1
78618906,3
78618914,1
78618925,1
78618940,3
78618948,1
78618950,1
78618969,1
78618996,1
78619005,1
78619034,4
78619050,1
78619067,1
78619084,1
78619113,1
78619149,1
78619168,1
78619181,1
78619215,1
78619229,1
78619253,1
78619269,2
78619283,1
78619323,1
78619349,1
78619354,1
78619355,1
78619406,1
78619421,1
78619472,1
78619477,1
78619479,4
78619483,1
78619490,1
78619499,1
78619536,1
78619564,1
78619581,1
78619612,1
78619657,3
78619665,1
78619670,1
78619672,1
78619718,3
78619723,2
78619770,2
78619771,4
78619806,2
78619808,2
78619839,1
78619848,3
78619864,1
78619943,1
78619953,1
78619959,2
78619999,1
78620017,4
78620026,1
78620051,1
78620054,1
78620081,3
78620099,1
78620108,1
78620116,4
78620128,3
78620143,1
78620172,4
78620175,1
78620186,4
78620205,1
78620210,2
78620225,1
78620232,3
78620241,1
78620242,1
78620267,3
78620284,1
78620303,1
78620316,1
78620381,1
78620396,1
78620412,1
78620421,3
78620433,4
78620470,4
78620528,3
78620551,1
78620568,1
78620578,2
78620596,1
78620608,1
78620612,1
78620621,1
78620647,1
78620667,1
78620678,1
78620682,1
78620683,2
78620696,1
78620703,3
78620705,1
78620725,1
78620736,1
78620762,4
78620783,1
78624663,1
78624666,1
78624669,1
78624671,1
78624677,1
78624684,1
78624688,1
78624703,2
78624741,4
78624807,2
78624837,1
78624848,1
78624868,1
78624878,1
78624891,4
78624906,1
78624907,4
78624918,1
78624919,1
78624979,4
78625008,1
78625012,4
78625038,1
78625040,1
78625051,1
78625079,1
78625104,1
78625120,1
78625136,1
78625140,1
78625154,1
78625156,1
78625180,1
78625208,1
78625223,4
78625226,1
78625245,4
78625247,2
78625250,1
78625251,4
78625265,1
78625312,1
78625314,2
78625369,1
78625374,4
78625375,2
78625401,1
78625423,1
78625431,1
78625436,4
78625437,1
78625449,2
78625457,1
78625486,1
78625493,1
78625494,1
78625505,1
78625513,3
78625526,1
78625533,1
78625534,1
79074042,4
79074070,1
79074102,1
79074112,2
79074115,2
79074117,4
79074131,2
79074170,1
79074204,1
79074222,1
79074226,3
79074276,1
79074290,1
79074291,1
79074302,1
79074310,1
79074349,1
79074353,3
79074365,4
79074385,2
79074388,1
79074400,2
79074404,1
79074431,2
79074496,2
79074515,1
79074521,4
79074522,1
79074552,1
79074558,1
79074579,1
79074581,2
79074639,1
79074643,1
79074665,1
79074705,1
79074751,1
79074752,1
79074756,4
79074759,4
79074760,1
79074771,4
79074779,3
79074783,1
79074803,2
79074806,2
79074826,1
79074834,2
79074848,1
79074862,1
79074895,2
79074923,4
79074930,2
79074932,1
79074977,1
79074980,1
79074981,1
79074996,1
79075024,1
79075045,4
79075099,4
79075140,4
79075145,2
79075153,4
79075175,1
79075211,2
79075213,4
79075225,2
79075238,4
79075307,1
79075320,1
79075339,4
79075405,1
79075415,1
79075422,2
79075473,1
79075483,4
79075509,4
79075518,2
79075525,3
79075533,1
79075542,1
79075622,3
79075675,1
79075715,1
79075760,1
79075810,1
79075862,4
79075914,1
79075945,1
79075978,3
79075983,1
79076016,4
79076027,2
79076063,1
79076088,1
79076153,1
79076154,1
79076169,1
79076181,4
79076217,1
79076264,4
79076373,4
79076418,1
79076439,2
79076452,1
79076458,2
79076472,1
79076487,1
79076506,4
79078676,1
79248547,2
79248595,1
79248598,1
79248620,2
79248681,4
79248687,1
79248718,1
79248751,2
79248800,2
79248812,1
79248854,2
79248873,4
79248879,1
79248899,1
79248983,2
79248994,1
79249054,1
79249058,1
79249099,1
79249182,4
79249208,2
79249289,1
79249305,4
79249323,1
79249346,4
79249353,1
79249404,1
79249405,1
79249435,2
79249493,1
79249539,1
79249650,2
79249831,1
79249855,1
79249863,1
79249905,1
79249910,1
79250008,4
79250219,2
79250279,4
79250290,1
79250311,2
79250344,2
79250356,2
79250382,1
79250386,1
79250413,2
79250459,2
79250499,1
79250612,1
79250623,2
79250656,1
79250669,2
79250673,2
79250689,1
79250713,1
79250773,1
79250887,1
79250937,2
79250996,4
79251075,1
79251163,4
79251214,1
79251238,3
79251248,2
79251268,2
79251341,4
79251373,1
79251384,2
79251416,1
79251455,1
79251475,1
79251485,1
79251488,4
79251499,4
79251516,3
79251522,1
79251523,1
79251538,2
79251556,4
79251562,1
79251576,1
79251591,1
79251602,1
79251606,4
79251642,1
79251644,4
79251664,4
79251674,1
79251686,1
79251688,4
79251722,2
79251734,1
79251759,2
79251763,2
79251792,4
79251840,2
79251845,2
79251847,4
79251863,1
79251891,3
79251912,2
79251921,1
79251953,1
79251971,2
79251993,1
79252011,2
79252114,4
79252272,1
79252390,2
79252401,4
79252423,4
79252472,1
79252484,2
79252487,1
79252531,1
79252562,4
79252584,1
79252676,1
79252722,2
79252727,2
79252743,1
79252749,1
79252750,2
79252773,1
79252810,1
79252821,1
79252856,1
79252876,1
79252884,4
79252975,1
79252997,2
79253011,4
79253041,2
79253044,4
79253075,1
79253083,4
79253087,4
79253124,2
79253126,1
79253139,1
79253181,1
79253202,4
79253267,1
79253276,4
79253284,2
79253305,2
79253308,1
79253319,1
79253392,2
79253398,1
79253446,4
79253470,1
79253479,4
79253538,4
79253548,1
79253620,4
79253621,1
79253655,1
79253670,2
79253672,2
79253782,1
79253792,2
79253870,3
79253889,1
79253930,1
79253933,4
79253954,2
79254014,1
79254022,1
79254026,4
79254043,2
79254049,1
79254052,4
79254095,1
79254101,2
79254116,2
79254139,2
79254149,1
79254172,2
79254183,1
79254185,1
79254205,1
79254225,1
79254244,1
79254270,1
79254283,1
79254293,1
79254354,3
79254399,1
79254455,3
79254459,1
79254476,4
79254536,2
79254603,4
79254680,1
79254708,1
79254719,2
79254781,4
79254787,1
79254798,2
79254811,2
79254832,4
79254857,1
79254892,4
79254904,4
79254942,3
79254964,3
79255012,3
79255056,2
79255119,1
79255145,1
79255163,1
79255208,4
79255272,1
79255307,1
79255314,3
79255323,1
79255379,4
79255459,1
79255501,1
79255507,1
79255526,4
79255535,2
79255574,2
79255577,4
79255585,1
79255595,4
79255610,1
79255636,1
79255653,1
79255666,2
79255770,1
79255803,2
79255805,2
79256017,1
79256102,2
79256159,3
79256186,3
79256197,4
79256255,4
79256259,4
79256285,4
79256294,3
79256307,1
79256327,4
79256365,1
79256370,1
79256430,2
79256433,4
79256448,1
79256466,1
79256514,1
79256524,4
79256545,2
79256546,1
79256565,1
79256584,4
79256599,2
79256615,1
79256709,1
79256723,2
79256725,1
79256739,2
79256754,2
79256818,1
79256889,4
79256927,2
79256940,4
79256949,3
79256980,2
79257023,2
79257027,4
79257032,2
79257038,4
79257047,2
79257052,1
79257070,1
79257078,3
79257088,3
79257112,4
79257115,2
79257134,4
79257204,1
79257221,2
79257255,4
79257260,1
79257265,4
79257286,1
79257308,2
79257309,2
79257346,1
79257348,1
79257357,2
79257381,3
79257401,2
79257427,1
79257474,1
79257487,1
79257506,1
79257548,1
79257549,1
79257556,1
79257573,1
79257577,2
79257579,4
79257580,1
79257585,4
79257619,2
79257676,2
79257720,2
79257754,1
79257759,4
79650893,1
79651145,2
79651301,2
79651553,1
80229042,3
80807530,3
80808866,3
80822051,2
82298302,4
82298308,4
82298350,4
82298432,2
82298464,1
82298479,4
82298489,1
82298545,2
82298564,2
82298585,2
82298628,1
82298668,4
82298688,1
82298702,1
82298721,1
82298766,1
82298800,4
82298835,1
82298839,1
82298846,4
82298877,2
82298901,2
82298915,4
82298916,1
82298940,1
82298971,1
82299003,4
82299022,2
82299039,1
82299103,2
82299114,1
82299130,1
82299262,2
82299351,1
82299372,1
82299387,2
82299437,1
82299575,1
82299607,1
82299609,2
82299653,1
82299654,4
82299673,1
82299722,1
82299727,1
82299758,1
82299768,1
82299796,1
82299801,1
82299885,1
82299936,4
82299992,1
82300098,1
82300101,1
82300133,1
82300144,1
82300166,1
82300217,2
82300454,1
82300473,4
82300481,2
82300526,1
82300534,1
82300562,4
82300565,1
82300583,1
82300585,4
82300589,4
82300598,1
82300620,1
82300623,1
82300636,2
83080545,1
83080933,1
83081308,1
83081521,4
83081761,1
83082007,4
83082081,2
83082120,1
83082127,2
83082264,1
83082421,4
83082763,1
83082784,4
83083122,1
83083469,1
83083537,2
83083590,1
84375708,1
84376969,2
84379447,4
85034639,4
85034894,4
85036284,2
85038837,2
86147967,2
86154116,1
86157082,4
86161988,1
86162302,1
86676017,1
86676263,1
86677478,1
86677748,1
86680023,1
86682017,4
86682169,1
86682449,4
86682502,1
86682796,1
86682955,1
86682970,1
86683071,1
86683583,1
86685287,4
86685966,1
86690518,1
86691767,2
86692290,4
86694208,4
86698050,4
86699774,1
86699824,4
86885354,1
86887455,2
86888065,1
86890247,1
86891425,1
86893797,1
86895620,2
86895638,1
86896107,1
86896427,4
86898313,2
86899716,1
86901565,1
86901894,2
86903983,1
86905588,4
86907263,1
86907671,1
86909039,1
86909635,1
86909933,1
86912561,1
87163836,1
87164267,4
87164726,4
87165125,4
87165713,1
87165911,4
87165987,1
87166260,1
87166361,1
87166598,4
87166650,1
87166964,4
87167305,2
87167599,1
87167658,1
87167737,1
87168141,4
87169082,1
87169838,2
87169928,1
87170248,4
87180226,1
87180287,4
87180331,3
87180370,4
87180417,4
87180430,4
87180468,1
87180475,4
87180599,4
87180770,4
87180843,3
87180923,2
87180931,3
87180940,4
87181032,4
87181086,3
87181186,3
87181225,4
87181226,2
87181487,3
87181489,1
87181996,3
87182029,3
87182061,4
87182081,1
87182186,2
87182198,3
87182301,1
87182309,3
87182629,2
87182792,4
87182988,1
87183011,4
87183131,4
87183378,3
87183630,2
87183686,2
87183804,4
87184046,4
87184056,4
87184074,1
87184234,4
87184515,3
87184704,1
87184787,2
87184896,4
87185399,2
87185408,4
87185822,4
87186865,1
87186878,3
87186977,1
87187179,2
87187444,4
87187446,4
87187517,1
87187552,4
87187662,1
87187728,4
87187811,3
87187838,3
87187913,1
87187925,2
87188234,1
87188445,2
87188485,3
87188512,4
87188780,3
87189291,4
87189575,2
87189619,2
87189650,1
87189707,4
87189876,4
87189901,4
87189933,1
87190425,3
87190473,2
87190509,2
87190706,3
87190713,1
87190806,2
87190916,1
87190961,2
87191228,4
87191289,3
87299573,1
87300229,4
87300599,4
87300642,4
87300727,1
87300795,4
87300885,4
87301084,1
87301109,4
87301177,1
87301333,3
87301638,4
87301685,1
87302319,2
87302457,1
87302599,1
87303525,4
87304041,4
87304217,2
87304268,4
87304338,3
87305119,1
87305174,4
87305611,4
87305662,1
87305947,4
87305957,1
87306277,1
87306325,1
87306556,1
87306866,1
87306918,4
87306987,2
87795314,3
87795357,4
87795437,1
87795464,3
87795534,4
87795728,4
87795742,1
87796074,1
87796130,1
87796234,2
87796243,4
87796346,1
87796353,3
87796377,1
87796384,2
87796422,2
87796459,2
87796474,3
87796532,1
87796594,1
87796778,2
87796898,4
87797011,4
87797039,2
87797060,1
87797107,2
87797156,4
87797199,1
87797214,2
87797323,1
87797346,4
87797515,3
87797558,3
87797599,4
87797608,1
87797642,1
87797698,4
87797772,2
87797935,4
87797979,2
87798044,2
87798046,1
87798054,4
87798100,3
87798157,2
87798312,3
87798323,3
87798342,4
87798427,3
87798430,1
87798504,1
87798512,1
87798523,1
87798825,2
87798872,2
87798907,2
87798938,2
87798972,3
87798981,4
87798997,1
87799012,4
87799051,2
87799083,4
87799093,3
87799125,4
87799135,2
87799187,2
87799195,3
87799223,3
87799228,4
87799273,3
87799363,4
87799500,2
87799622,2
87799831,4
87799860,4
87799906,1
87799908,4
87799926,1
87800106,3
87800252,2
87800314,3
87800531,1
87800581,1
87800727,3
87800841,1
87800851,3
87800865,4
87800915,2
87800969,3
87801406,4
87801470,1
87801613,2
87801831,4
87801890,1
87802052,2
87802112,1
87802194,4
87802275,3
87802399,4
87802470,2
87802565,1
87802602,3
87802604,4
87802630,1
87802720,4
87803520,2
87803668,2
87803754,2
88611817,2
88611824,4
88611828,4
88611906,2
88611947,1
88612055,2
88612191,4
88612330,4
88612446,2
88612480,4
88612519,4
88612533,1
88612776,4
88612883,4
88613044,2
88613148,2
88613190,4
88613199,2
88613200,1
88613206,4
88613233,1
88613260,4
88613342,4
88613402,4
88613568,4
88613578,4
88613630,4
88613666,4
88613845,1
88613848,2
88613925,4
88613976,2
88614061,4
88614079,4
88614105,1
88614119,4
88614241,4
88614452,4
88762966,3
88763723,1
88763748,2
88763962,2
88764026,1
88764109,3
88764568,3
88764618,1
88764906,3
88765304,3
88765655,3
88765692,2
88765735,4
88765784,1
88765897,4
88766119,3
88766331,3
88766650,1
88767006,3
88767009,2
88767270,3
88767414,1
88767580,3
88767659,3
88767746,3
88767820,4
88767869,2
88768039,1
88768179,1
88768577,4
88769201,4
88769551,1
88769853,1
88769870,3
88769947,3
88770261,2
88770344,2
88770349,3
88771210,2
88771362,4
88771514,4
88771533,4
88771620,1
88771634,1
88771708,1
88771723,1
88771750,1
88771791,4
88771839,4
88771980,1
88772368,2
88772506,1
88772572,1
88772598,2
89718765,4
89719036,4
89719135,2
89719475,1
89719546,4
89719604,4
89721851,2
89721995,4
89722102,1
89722934,1
89723203,2
89723397,1
89723541,4
89724117,4
89725880,1
89726533,1
89729183,1
89729270,1
89732573,4
89733714,1
89733866,1
89736948,1
89738259,4
89816329,2
89816602,1
89832968,2
89834187,4
89994177,1
90004994,1
90830191,4
92259881,2
92260207,2
92260242,1
92262761,3
92263018,3
92264116,2
92264776,2
92265512,2
92265721,2
92266211,2
92266290,2
92268995,2
92269005,1
92269948,2
92270236,1
92270670,1
92272221,2
92273038,1
92273210,2
92273408,4
92274060,2
92274544,2
92274676,2
92275902,2
92276103,4
92276454,1
92277040,1
92277291,2
92277550,1
92278219,4
92278237,2
92278385,2
92279248,4
92279392,1
92280343,2
92280843,2
92280907,2
92281624,2
92282398,1
92282640,1
92282766,1
92283451,2
92283631,1
92283681,2
92283753,2
92283887,1
92283989,2
92284690,4
92284901,2
92284904,1
92285221,1
92555797,1
92555812,3
92555847,3
92556016,4
92556177,1
92556196,3
92556228,2
92556232,1
92556281,1
92556435,1
92556665,1
92556668,4
92556691,3
92556695,4
92556782,1
92556807,1
92556884,1
92556891,1
92556895,4
92557009,4
92557062,3
92557117,3
92557293,1
92557336,1
92557349,1
92557365,1
92557369,1
92557557,4
92557622,1
92557626,1
92557799,3
92558095,3
92558096,1
92558154,3
92558157,1
92558349,3
92558536,1
92558618,3
92558742,4
92558920,1
92559035,2
92559083,2
92559549,3
92559629,1
92559672,1
92559676,1
92559686,2
92559739,4
92559917,3
92559926,4
92559930,3
92560281,4
92560553,3
92560768,1
92561105,4
92561264,2
92561391,1
92561441,2
92561480,1
92561758,4
92562002,1
92562225,3
92562237,4
92562256,3
92562710,2
92562832,4
92563230,3
92563608,3
92563648,1
92563804,4
92563815,2
92563980,3
92564056,4
92564129,3
92564338,2
92564406,4
92564521,3
92564576,2
92564670,1
92564695,1
92564812,2
92564823,1
92564839,3
92564934,4
92564996,1
92565117,2
92565128,3
92565293,1
92565324,3
92565452,1
92565945,2
92565996,1
92566057,2
92566202,2
92566390,4
92566396,1
92566528,1
92566588,1
92566680,2
92566809,1
92566941,1
92567178,1
92567211,3
92567228,2
92567520,1
92567553,1
92567950,1
92568005,4
92568045,1
92568224,4
92568328,4
92568808,3
92568882,1
92569074,1
92569103,3
92569107,4
92569196,4
92569230,3
92569521,1
92569577,1
92569629,3
92569710,3
92570044,4
92570128,3
92570163,2
92570181,2
92570185,2
92570477,4
92570483,1
92570504,4
92570518,3
92570539,1
92570670,1
92570679,2
92570808,1
92571184,4
92571392,2
92571430,4
92571540,1
92571575,1
92571582,4
92571746,1
92571971,2
92571998,1
92572001,2
92572031,2
92572175,3
92572217,4
92572329,1
92572533,1
92572546,1
92572686,3
92572742,3
92572844,4
92572859,1
92572890,3
92573029,4
92573052,4
92573070,4
92573236,4
92573390,2
92573579,3
92573673,2
92573822,1
92573933,3
92574023,2
92574087,4
92574101,1
92574398,3
92574801,2
92574955,2
92574982,1
92575288,3
92575335,1
92575340,2
92575467,1
92575470,1
92575511,4
92575688,1
92575722,2
92576000,1
92576024,3
92576039,3
92576076,1
92576151,1
92576212,4
92576257,4
92576304,3
92576346,4
92576376,4
92576455,3
92576566,4
92576570,1
92576601,1
92576603,4
92576614,4
92576938,4
92576959,2
92577020,4
92577088,1
92577125,4
92577162,3
92577389,4
92577467,4
92577477,3
92577532,3
92577599,3
92577631,4
92577889,1
92577967,2
92578015,3
92578106,2
92578261,4
92578460,1
92578505,3
92578930,4
92578993,2
92579129,4
92579235,2
92579243,2
92579254,1
92579280,2
92579382,1
92579430,2
92579455,2
92579587,4
92579666,4
92579686,1
92579750,1
92579763,1
92579942,3
92579947,1
92580033,4
92580059,4
92580088,4
92580139,1
92580200,4
92580407,4
92580412,4
92580432,1
92580522,1
92580598,2
92580727,1
92580784,4
92580797,2
92580903,1
92580933,2
92580968,1
92580984,4
92581011,4
92581223,4
92581241,3
92581245,1
92581264,3
92581277,1
92581534,1
92581611,4
92581943,2
92581996,2
92582200,3
92582207,3
92582321,2
92582480,4
92582513,4
92582611,4
92582692,2
92582813,4
92582820,1
92582968,4
92583040,1
92583055,3
92583158,3
92583174,1
92583198,1
92583262,3
92583272,4
92583331,4
92583355,2
92583379,4
92583416,4
92583509,4
92583600,2
92583736,4
92583827,1
92583937,1
92583953,4
92584062,1
92584137,4
92584177,1
92584232,1
92584251,3
92584317,4
92584544,4
92584898,4
92584991,4
92585042,1
92585057,4
92585088,1
92585432,4
92585471,1
92585548,1
92585699,2
92585791,1
92585826,1
92585879,4
92586039,4
92586041,2
92586051,1
92586061,4
92586078,4
92586117,4
92586152,3
92586207,4
92586377,4
92586607,2
92586610,2
92586761,1
92586771,1
92586791,2
92586833,2
92586956,1
92587029,4
92587350,4
92587404,1
92587572,2
92587757,1
92587814,1
92587815,2
92587985,4
92588043,2
92588500,4
92588655,2
92588725,4
92588791,2
92588850,4
92589009,1
92589128,4
92589132,3
92589152,2
92589176,2
92589265,3
92589498,2
92590044,4
92590055,1
92590068,1
92590339,4
92590495,1
92590698,4
92590764,3
92590876,2
92590961,4
92590977,1
92591043,2
92591068,2
92591214,1
92591365,2
92591376,4
92591529,4
92591533,3
92591600,1
92591666,3
92591680,1
92591720,1
92591814,4
92591872,1
92591922,1
92591923,4
92591968,1
92592014,1
92592024,3
92592125,1
92592149,1
92592167,2
92592308,2
92592316,4
92592467,4
92592538,2
92592613,1
92592641,1
92592660,1
92592675,2
92592687,4
92592819,3
92592930,2
92592985,2
92593051,1
92593131,1
92593153,3
92593268,4
92593284,1
92593287,1
92593595,1
92593604,4
92593644,2
92593838,1
92594261,4
92594304,1
92594482,4
92594511,1
92594589,1
92594752,4
92594931,1
92595037,4
92595292,4
92595332,1
92595345,1
92595511,1
92595602,3
92595657,1
92595688,4
92595702,1
92595725,2
92595735,4
92595753,4
92595856,1
92596026,1
92596054,3
92596134,3
92596185,1
92596289,1
92596361,1
92596494,3
92596534,2
92596539,3
92596596,4
92596646,2
92596909,1
92596966,2
92597013,1
92597048,3
92597095,2
92597159,1
92597173,2
92597240,4
92597454,1
92597773,2
92597819,4
92597934,1
92597957,1
92597959,1
92597996,1
92598006,2
92598008,4
92598024,2
92598036,2
92598101,4
92598266,2
92598277,1
92598293,4
92598302,3
92598381,1
92598421,1
92598422,3
92598622,3
92598653,2
92598743,2
92598766,4
92598774,3
92598823,1
92598825,1
92599045,4
92599113,4
92599188,3
92599200,4
92599217,1
92599262,1
92599265,3
92599305,3
92599318,1
92599369,2
92599381,3
92599515,4
92599520,1
92599553,1
92599637,4
92599645,4
92599697,1
92599713,1
92599773,3
92599780,1
92599835,1
92599837,4
92599874,1
92599890,3
92599909,1
92599978,1
92599981,4
92599991,2
92600008,1
92600031,1
92600038,4
92600117,1
92600133,1
92600168,4
92600216,2
92600273,1
92600321,1
92600345,4
92600355,2
92600402,1
92600445,4
92600451,2
92600494,3
92600526,1
92600548,1
92600557,3
92600565,4
92600631,3
92600761,3
92600883,1
92601000,2
92601056,1
92601069,4
92601084,3
92601168,2
92601169,1
92601298,1
92601303,4
92601314,4
92601320,3
92601343,4
92601400,4
92601466,4
92601497,4
92601500,3
92601504,1
92601521,1
92601654,1
92601669,3
92601750,1
92601810,2
92601813,1
92601825,1
92601894,1
92601902,3
92601993,1
92602016,1
92602035,1
92602039,4
92602131,2
92602152,2
92602159,4
92602170,2
92602235,1
92602271,2
92602276,4
92602316,2
92602358,1
92602418,2
92602423,2
92602432,3
92602460,2
92602498,1
92602589,1
92602642,3
92602649,4
92602732,1
92602851,1
92602854,4
92602865,1
92602871,4
92602952,1
92602976,1
92603005,1
92603013,4
92603018,2
92603068,1
92603074,4
92603110,4
92603249,3
92603264,2
92603297,2
92603441,1
92603519,4
92603539,1
92603632,2
92603666,1
92603694,1
92603711,4
92603881,3
92603889,1
92603927,2
92603973,3
92604036,1
92604051,3
92604070,4
92604191,4
92604277,4
92604462,1
92604526,3
92604545,1
92604582,2
92604717,1
92604718,3
92604762,1
92604804,2
92604840,4
92604908,2
92605041,2
92605066,1
92605219,1
92605306,4
92605374,1
92605448,1
92605469,1
92605537,2
92605591,1
92605622,3
92605654,1
92605708,1
92605720,1
92605940,1
92605944,4
92605958,2
92605974,3
92606028,2
92606255,3
92606284,3
92606553,3
92606616,2
92606630,2
92606688,4
92606802,2
92606832,1
92606847,1
92606866,1
92606871,2
92606935,4
92606950,1
92606980,3
92607068,4
92607091,4
92607115,2
92607275,3
92607374,1
92607463,2
92607665,4
92607903,1
92607911,2
92608023,1
92608111,2
92608149,4
92608155,4
92608351,4
92608363,1
92608380,1
92608418,3
92608486,3
92608506,1
92608690,4
92608935,1
92609120,1
92609325,1
92609355,3
92609445,2
92609466,4
92609475,2
92609559,2
92609595,3
92609598,1
92609601,1
92609620,2
92609669,3
92609908,4
92609917,1
92610074,4
92610091,2
92610137,2
92610142,4
92610179,2
92610280,1
92610333,2
92610381,1
92610383,1
92610498,1
92610546,2
92610573,2
92610631,4
92610647,1
92610653,3
92610825,2
92610844,2
92611122,3
92611172,3
92749904,1
92749922,4
92750486,2
92750506,1
92750576,1
92750605,4
92750799,4
92750812,2
92750939,2
92750998,4
92751288,4
92751325,1
92751436,3
92751669,1
92751735,4
92752026,4
92752240,2
92752476,2
92752513,2
92752653,4
92752730,2
92752746,2
92752853,2
92753071,1
92753219,4
92753473,4
92753612,4
92753764,2
92753779,4
92753863,2
92754192,3
92754428,2
92754486,1
92754573,1
92754665,2
92754670,3
92755259,1
92755985,4
92756196,1
92756214,1
92756279,4
92756306,3
92756407,1
92756664,4
92756789,1
92757109,1
92757124,1
92757227,2
92757264,1
92757330,4
92757663,4
92757776,1
92757840,4
92758172,1
92758200,3
92758543,2
92758687,4
92758830,1
92759167,3
92759243,2
92759512,4
92759588,2
92759716,4
92760317,1
92761203,3
92761426,1
92761621,3
92761845,4
92761954,2
92761966,1
92762299,2
92762348,4
92762349,4
92762429,1
92762554,1
92762747,4
92762856,2
92762925,3
92762984,3
92763106,4
92763319,4
92763640,3
92763938,1
92764370,2
92764525,3
92764611,4
92764936,1
92765453,4
92765562,2
92765680,1
92767374,1
92767450,1
92767806,1
92767859,1
97477677,1
97478219,1
97478500,1
97478574,4
97479112,1
97479201,1
97479556,1
97480417,1
97480713,4
97483302,1
97484282,1
97484405,1
97484823,4
97485595,1
97486102,2
97486108,1
97486203,1
97486297,2
97487526,1
97487697,3
97487999,4
97488843,1
97489142,4
97489753,1
97489852,1
97490148,1
97490464,1
97491390,2
97494058,1
97494460,2
97494947,1
97495203,4
97495261,1
97495516,1
97495880,1
97496346,3
97496576,1
97497812,2
97498807,1
97498940,4
97499092,1
97499857,2
97500078,4
97500107,1
97500253,2
97501388,1
97501677,1
97501820,1
97502646,1
97503198,4
97503321,2
97503609,1
97506735,4
97608976,3
97609155,3
97609164,4
97609259,4
97631011,1
98754351,4
98756164,1
98756204,4
98756316,4
98758376,2
98759003,3
98759093,4
98759460,1
98759527,1
98759556,3
98759813,4
98760831,2
98761408,3
98762319,4
98762469,4
98762678,2
98762900,4
98768364,4
98769683,4
98770385,4
98770531,1
98770964,3
98771389,2
98772639,4
98772641,4
98773698,2
98773781,4
98774735,4
98775188,1
98775400,4
98776646,4
98776823,4
98777113,2
98777830,4
98778251,1
98778574,4
98778708,1
98778754,4
98779079,4
98779205,1
98780647,4
98780786,4
98781221,4
98781536,4
98781720,4
98781848,1
98782321,3
98782443,1
98782526,4
98783302,4
98784630,1
98785134,4
98785686,4
98786876,2
98787335,3
98789878,4
98789937,3
98790127,4
98790648,4
98791022,2
98791695,3
98792067,4
98792097,2
98792760,3
98795168,4
98795377,3
98796187,4
98796759,3
98797129,4
98797537,4
98797853,4
98799063,4
98799216,2
98802664,1
98802703,2
98805865,2
98806371,4
98807532,2
98808759,3
98810280,4
98810833,2
99094740,2
99094763,3
99094852,2
99094895,1
99094929,3
99095247,4
99095249,3
99095342,4
99095411,1
99095456,4
99095497,2
99095510,3
99095521,1
99095659,4
99095660,2
99095691,1
99095792,3
99095892,4
99096005,1
99096322,1
99096333,2
99096553,1
99096559,3
99096786,1
99096789,3
99096816,4
99096819,4
99096861,4
99096932,1
99097152,4
99097169,3
99097174,3
99097328,1
99097329,1
99097416,4
99097497,1
99097517,4
99097661,4
99097707,4
99097713,1
99097779,3
99097842,1
99097897,1
99097915,4
99097925,2
99097932,4
99098121,1
99098126,1
99098172,2
99098223,1
99098245,2
99098296,3
99098353,3
99098405,4
99098452,4
99098539,2
99098556,2
99098650,1
99098656,1
99098722,1
99098733,1
99098746,4
99098786,4
99098818,1
99098836,2
99098841,1
99098904,2
99098956,4
99099061,2
99099220,4
99099252,4
99099496,4
99099585,1
99099614,4
99099654,3
99099682,1
99099688,1
99099702,2
99099847,2
99099878,3
99100001,2
99100014,3
99100017,1
99100019,3
99100031,2
99100049,4
99100055,4
99100151,1
99100236,4
99100415,3
99100424,4
99100499,1
99100548,4
99100634,3
99100652,4
99100711,1
99100734,3
99100741,1
99100805,4
99100828,2
99100833,2
99100852,2
99100917,4
99100918,2
99100937,3
99100943,4
99101077,4
99101084,1
99101134,3
99101239,4
99101317,3
99101409,1
99101486,2
99101489,1
99101519,1
99101522,1
99101589,1
99101618,2
99101733,1
99101737,4
99101752,1
99101766,1
99101856,4
99101912,4
99102172,1
99102190,4
99102194,4
99102386,2
99102602,2
99102624,3
99102635,2
99102741,4
99102761,1
99102781,3
99102802,4
99102836,4
99102874,3
99102895,4
99102919,4
99102939,3
99103052,1
99103114,4
99103124,3
99103193,4
99103265,2
99103329,1
99103362,4
99103372,3
99103508,2
99103603,4
99103623,1
99103633,1
99103664,1
99103694,2
99103744,3
99103779,4
99103790,2
99103850,2
99103916,1
99104045,1
99104104,1
99104186,1
99104203,4
99104539,2
99104673,2
99104688,2
99104770,2
99104780,4
99104947,1
99105047,3
99105348,4
99105510,1
99105544,3
99105625,2
99105698,4
99105945,4
99106105,2
99106143,2
99106255,4
99106344,2
99106394,4
99106413,2
99106421,2
99106783,2
99106802,1
99106947,1
99107011,1
99107039,4
99107071,1
99107087,3
99107133,4
99107145,4
99107241,4
99107298,1
99107355,4
99107426,4
99107931,4
99108049,3
99108157,1
99108269,2
99108295,1
99108411,1
99108533,4
99108653,1
99108820,3
99109075,4
99109124,2
99109425,2
99109485,4
99109684,2
99109731,1
99109837,4
99110131,4
99110328,2
99110680,3
99111007,1
99111360,4
99111429,1
99111664,1
99111672,4
99111788,4
99111790,3
99111891,4
99111980,3
99112006,4
99112039,2
99112538,4
99112575,4
99112764,4
99112797,4
99112860,3
99113053,1
99113136,1
99113232,4
99113279,3
99113283,1
99113378,2
99113417,2
99113515,3
99113619,4
99113742,1
99113889,2
99113951,1
99114009,1
99114258,1
99114260,4
99114277,2
99114308,4
99114480,2
99114494,4
99114503,4
99114710,1
99114730,1
99114743,2
99114977,1
99115193,4
99115396,1
99115507,3
99115521,4
99115686,1
99115756,2
99115821,2
99115924,4
99115956,4
99115973,4
99116133,3
99116232,1
99116243,4
99116264,2
99116349,3
99116404,2
99116407,2
99116457,4
99116463,4
99116529,4
99116608,2
99116643,3
99116673,3
99116688,2
99116763,2
99116959,4
99117112,2
99117179,1
99117404,4
99117655,3
99117690,3
99117696,2
99117819,1
99117926,2
99117936,1
99118092,3
99118125,1
99118136,1
99118288,4
99118308,1
99118441,3
99118541,3
99118550,1
99118609,4
99118630,1
99118700,2
99118744,1
99118782,1
99118829,3
99118844,2
99118873,1
99118943,1
99119026,4
99119081,2
99119101,4
99119105,2
99119113,4
99119162,4
99119190,1
99119317,2
99119355,3
99119364,2
99119371,4
99119474,1
99119591,4
99119614,1
99119667,1
99119697,3
99119829,2
99119890,4
99119901,1
99119936,3
99120021,2
99120053,4
99120275,1
99120536,3
99120539,1
99120561,4
99120602,3
99120659,1
99120734,2
99120787,2
99120810,3
99120839,4
99120876,4
99120899,2
99121048,2
99121188,2
99121297,1
99121321,2
99121411,3
99121633,1
99121687,3
99121819,1
99121882,1
99121915,4
99121926,4
99121985,1
99122023,4
99122117,1
99122138,1
99122188,2
99122244,4
99122278,1
99122694,2
99122759,4
99122885,1
99122930,3
99123097,2
99123228,4
99123318,1
99123400,1
99123671,2
99123971,2
99123974,2
99123981,1
99124006,1
99124274,4
99124426,3
99124464,4
99124535,2
99124542,2
99124681,3
99124757,2
99124758,4
99124974,3
99125008,2
99125147,4
99125198,1
99125267,4
99125583,1
99125711,1
99125847,4
99125904,1
99125918,3
99126100,3
99126112,4
99126186,2
99126312,2
99126415,3
99126557,4
99126658,4
99126741,1
99126752,2
99126769,3
99126854,4
99126934,3
99127012,4
99127121,2
99127164,2
99127300,1
99127426,4
99127544,4
99127608,4
99127646,2
99127752,4
99127837,2
99127879,4
99127953,2
99128169,4
99128222,3
99128300,2
99128317,4
99128346,2
99128588,1
99128615,4
99128714,1
99128719,1
99128762,2
99128988,1
99128997,1
99129210,2
99129214,1
99129240,2
99129245,1
99129264,1
99129297,1
99129315,4
99129374,2
99129401,4
99129709,2
99129723,1
99129756,2
99129873,1
99130137,1
99130222,2
99130231,1
99130258,1
99130266,1
99130602,4
99130705,1
99130722,2
99130825,2
99130827,4
99130862,1
99131172,1
99131186,1
99131236,2
99131259,1
99131292,4
99131374,1
99131454,2
99131581,2
99131798,4
99131809,2
99131882,4
99131906,1
99132000,2
99132004,4
99132047,1
99132074,3
99132090,1
99132159,1
99132184,4
99132210,3
99132425,1
99132549,1
99132595,2
99132763,1
99132872,4
99132904,4
99132912,4
99132995,1
99133028,4
99133106,4
99133124,4
99133153,1
99133200,3
99133266,1
99133295,2
99133299,1
99133303,4
99133358,2
99133373,4
99133376,4
99133618,1
99133648,1
99133670,3
99133687,1
99133780,4
99133937,4
99133956,2
99134121,2
100469643,2
100684411,4
100685313,2
100685598,1
100685845,2
100687080,1
100687445,4
100687576,4
100687796,2
100688134,2
100688856,1
100689314,4
100690558,1
100692585,1
100695221,4
100696760,4
100696854,2
100697016,1
100697761,4
100698017,1
100699202,1
100700990,3
100701945,1
100702235,1
100702381,3
100702798,2
101016417,2
101016442,2
101016447,3
101016548,2
101016618,1
101016767,1
101017016,3
101017152,2
101017177,2
101017614,1
101017638,1
101017699,3
101017784,2
101017910,4
101018123,4
101018150,4
101018202,2
101018272,4
101018317,2
101018444,2
101019215,1
101019526,1
101019732,1
101019753,4
101019760,2
101019846,2
101019856,1
101019862,2
101019979,2
101020222,1
101020304,3
101020698,1
101020795,1
101021497,1
101021567,4
101021584,2
101021640,1
101021948,1
101022358,1
101022497,2
101022654,1
101022943,1
101023007,1
101023052,2
101023112,3
101023245,1
101023270,1
101023422,2
101023437,4
101023441,1
101023825,1
101023876,3
101023890,2
101024019,1
101024098,1
101024258,1
101024259,1
101024419,3
101024645,2
101024754,2
101024775,4
101024793,2
101024899,4
101024907,4
101025121,4
101025147,1
101025220,2
101025273,3
101025319,3
101025333,2
101025352,3
101025613,4
101025620,1
101025671,2
101025692,1
101025847,2
101025943,3
101026335,1
101026558,1
101026631,1
101026716,1
101026769,1
101026829,2
101026871,1
101027041,1
101027094,3
101027183,2
101027193,2
101027225,3
101027270,2
101027653,1
101027777,1
101027847,2
101027889,4
101027897,4
101027920,1
101027995,1
101028003,1
101028078,1
101028144,3
101028256,1
101028278,1
101028804,1
101028909,1
101028970,2
101029001,2
101029010,1
101029053,2
101029077,4
101029206,4
101029304,3
101029333,1
101029367,2
101029374,2
101029522,3
101029593,2
101029633,3
101029654,3
101029769,1
101029817,3
101029836,3
101029986,4
101030028,1
101030060,3
101030105,4
101030175,1
101030309,1
101030362,1
101030456,1
101030615,4
101030616,1
101030812,4
101030908,1
101030926,1
101030964,3
101030970,1
101031018,1
101031119,4
101031464,4
101031730,3
101031744,4
101031851,1
101031872,2
101031896,1
101032184,3
101032309,4
101032396,2
101032468,2
101032958,4
101033106,2
101033119,1
101033191,1
101033283,1
101033448,3
101033901,1
101034105,2
101034285,1
101034384,1
101034510,1
101034578,1
101034911,4
101034912,4
101035078,1
101035217,4
101035588,1
101035693,4
101035998,4
101036130,4
101036174,1
101036342,1
101036348,2
101036379,2
101036382,3
101036394,1
101036475,1
101036538,4
101036642,1
101036680,2
101036687,2
101036876,1
101036902,3
101036944,4
101036975,1
101037064,1
101037161,4
101037509,1
101037700,3
101037790,2
101037849,4
101037940,4
101037949,1
101038100,4
101038106,1
101038124,1
101038136,2
101038158,4
101038294,4
101038396,2
101038423,4
101038612,4
101038743,1
101038762,1
101038893,4
101039165,1
101039265,1
101039533,4
101039552,4
101039590,1
101039635,3
101039698,1
101039874,3
101039907,4
101039913,1
101040085,2
101040148,3
101040214,1
101040359,2
101040503,2
101040763,2
101040789,1
101040907,1
101040911,4
101040981,2
101041006,2
101041052,1
101041086,4
101041117,4
101041127,4
101041183,4
101041192,1
101041372,4
101041427,3
101041592,4
101041652,4
101042069,4
101042232,1
101042263,1
101042311,1
101042316,4
101042348,1
101042353,1
101042882,4
101042983,1
101043091,1
101043184,1
101043214,1
101043516,2
101043584,4
101043587,1
101043592,1
101043628,2
101043632,1
101043634,1
101043672,1
101043720,1
101043765,4
101044143,1
101044216,1
101044548,2
101044631,3
101044720,1
101045058,2
101045127,4
101045200,2
101045363,4
101045393,2
101045403,1
101045491,1
101045740,4
101045784,1
101046052,1
101046147,1
101046194,1
101046555,4
101046614,2
101046692,1
101046705,1
101046801,3
101047022,1
101047125,3
101047301,1
101047381,4
101047609,4
101047849,2
101048075,4
101048085,4
101048902,1
101049115,3
101049123,4
101049215,1
101049470,1
101049524,3
101049677,3
101049769,1
101049817,3
101049820,4
101049985,4
101050232,2
101050681,4
101050873,1
101050900,2
101051036,2
101051233,2
101051400,1
101051415,3
101051495,4
101051651,4
101051675,1
101051750,1
101051954,1
101052449,1
101052514,4
101052624,1
101052785,1
101052919,2
101052968,1
101052983,1
101053717,2
101053886,4
101053971,1
101054048,3
101054312,4
101054614,1
101054756,1
101054863,4
101054897,1
101054901,2
101054964,3
101055193,1
101055257,4
101055572,3
101055630,1
101055866,2
101055895,1
101055906,1
101055918,1
101055934,2
101056024,1
101056178,4
101056227,4
101056238,1
101056358,1
101056386,2
101056788,1
101056895,1
101056904,2
101056926,1
101056981,3
101057033,1
101057185,1
101057287,2
101057395,1
101057592,2
101057601,4
101057665,1
101057876,1
101057982,1
101058161,4
101058428,2
101058553,2
101058582,3
101058595,4
101058784,4
101058830,4
101058833,1
101059175,1
101059284,1
101059297,2
101059435,1
101059637,1
101059659,1
101059956,3
101060211,2
101060394,2
101060631,1
101060801,3
101061402,2
101061492,1
101061606,4
101061723,2
101061801,1
101062364,3
101062366,1
101062410,4
101062429,4
101062490,1
101062558,1
101062841,2
101062927,2
101063441,1
101063629,3
101063960,1
101064243,3
101064409,1
101064847,1
101064924,1
101065813,1
101065820,3
101066162,4
101066169,4
101066243,2
101066350,1
101066571,4
101066601,1
101066638,3
101066679,1
101066829,1
101066942,1
101067534,4
101067667,1
101067671,1
101086889,1
101086897,1
101086976,2
101087036,1
101087053,2
101087058,4
101087069,1
101087130,3
101087177,2
101087374,3
101087552,4
101087844,1
101087943,3
101088107,4
101088121,4
101088288,4
101088644,1
101088915,3
101088943,2
101089035,4
101089243,1
101089464,2
101089983,4
101090001,1
101090015,2
101090176,4
101090911,1
101090920,1
101090932,2
101091078,3
101091091,2
101091129,1
101091576,1
101091871,1
101091951,4
101091982,2
101092784,1
101092789,1
101093005,1
101093057,1
101093508,1
101093722,1
101093822,1
101093905,4
101093907,4
101093941,1
101094308,4
101094450,1
101100782,1
101100932,4
101100971,3
101101004,2
101101139,1
101101159,2
101101390,3
101101438,1
101101613,1
101101701,1
101101755,4
101101757,4
101101815,4
101101844,2
101102130,2
101102184,1
101102308,1
101102404,2
101102474,1
101102492,1
101102551,4
101102593,4
101102602,1
101102614,2
101102621,1
101102689,1
101102723,1
101102815,2
101103003,1
101103031,1
101103101,1
101103272,1
101103275,1
101103458,1
101103519,3
101103609,2
101103662,1
101103727,2
101103807,1
101103825,4
101103986,1
101104032,2
101104045,1
101104097,1
101104165,1
101104448,1
101104629,3
101104903,2
101105043,2
101227080,4
101227192,2
101227218,2
101227318,2
101227509,4
101227621,2
101227888,2
101228204,2
101228409,1
101228429,2
101228432,3
101228494,2
101228689,2
101228819,2
101229145,1
101229254,1
101229498,2
101229721,2
101229789,1
101229837,1
101230035,1
101230204,2
101230241,4
101232831,1
101233208,3
101233239,3
101233480,2
101233593,1
101233712,1
101233732,4
101233832,2
101233961,1
101234107,3
101234229,2
101234332,3
101234792,2
101234806,2
101235349,2
101235389,2
101235422,3
101235603,1
101235615,2
101235827,3
101235872,1
101236182,3
101236547,1
101236727,4
101236877,1
101237159,1
101237449,1
101237469,4
101237552,3
101237634,2
101237749,2
101237752,2
101237846,2
101237995,2
101238409,3
101238525,1
101239395,1
101239516,2
101239863,4
101239864,2
101239944,2
101240422,3
101240506,1
101240787,1
101240856,1
101240925,1
101241041,4
101241211,4
101241330,1
101241388,2
101241687,2
101242599,4
101242854,2
101243192,2
101243716,1
101243959,3
101244025,1
101244148,2
101244151,1
101244320,2
101244728,1
101245050,1
101245256,3
101245355,3
101245561,2
101245882,1
101245902,2
101245913,3
101246119,1
101247164,2
101247354,1
101248170,3
101248206,1
101248236,3
101248332,4
101248363,2
101248472,1
101248818,2
101248821,1
101249330,2
101250255,2
101250299,1
101250567,1
101250600,4
101250778,3
101250822,1
101251067,2
101251313,2
101251658,1
101251748,2
101252148,1
101252527,1
101252822,1
101252841,1
101253551,2
101253845,4
101254078,1
101254614,1
101254668,3
101254835,1
101275527,1
101276012,1
101276252,3
101276327,1
101276345,3
101277269,3
101277841,3
101278216,4
101278400,2
101278571,1
101279030,1
101279104,1
101279218,3
101279260,3
101279350,1
101279385,1
101280015,1
101280356,1
101280665,3
101280969,1
101281119,2
101281237,2
101281566,1
101281624,4
101282375,4
101282391,1
101282392,4
101282476,4
101282575,1
101282709,3
101282797,1
101282880,1
101282923,3
101283088,1
101283351,2
101283772,1
101284076,2
101284140,2
101284338,2
101284369,2
101284508,4
101284533,2
101284619,1
101284932,3
101284949,1
101285041,1
101285139,3
101285262,2
101285760,3
101286036,1
101286040,1
101286101,3
101286135,2
101286455,2
101286511,1
101286633,4
101286833,2
101286840,2
105482613,4
105482671,4
105483157,1
105483781,1
105483873,4
105483874,4
105484104,1
105484691,1
105484861,4
105484970,2
105485142,2
105485151,4
105485467,2
105485611,4
105485628,1
105486230,1
105486255,4
105486449,2
105486745,1
105486772,1
105487089,2
105487132,1
105487216,2
105487978,4
105488153,4
105488167,2
105488200,4
105488205,1
105488223,1
105488253,2
105488616,2
105488835,1
105489157,4
105489307,2
105489354,2
105489412,2
105489484,1
105489493,1
105489589,2
105489853,4
105489996,1
105490202,4
105490263,2
105490354,2
105490515,4
106657472,4
106657488,1
106657707,1
106658631,2
106658709,4
106658797,4
106659003,1
106659055,1
106659405,4
106659605,4
106659610,4
106659676,1
106659893,2
106660015,1
106660024,4
106884782,2
106885055,4
109250506,1
109252707,2
109252736,4
109253756,2
109254515,1
109255761,2
109255978,4
109256493,1
109256665,1
109256784,4
109257577,3
109512304,3
109513861,3
109514271,2
109514490,2
109514818,4
109519266,3
109520102,3
109523527,2
109523809,3
109525955,2
109531223,1
109536055,3
109540884,2
109542337,2
109542730,1
109545497,4
109548046,1
109550294,1
110047455,1
110047556,1
110047609,2
110047782,4
110047798,1
110047860,2
110047884,1
110047955,1
110048091,1
110048098,2
110048142,1
110048343,1
110049763,2
110049883,1
110050057,1
110050058,3
110050077,1
110050169,1
110050187,4
110050277,3
110050335,3
110050412,2
110050447,4
110050458,1
110050589,1
110050679,2
110050687,1
110050701,2
110050717,1
110050726,1
110050757,1
110050766,1
110050771,1
110050780,1
110050810,2
110050858,1
110051047,2
110051229,1
110051334,2
110051359,1
110051409,1
110051552,2
110051584,2
110051620,2
110051689,1
110051910,1
110052164,3
110052196,2
110052205,2
110052220,1
110052237,1
110052301,1
110052342,4
110052379,3
110052386,1
110052455,1
110052471,4
110052536,1
110052613,1
110052661,1
110052678,1
110052685,1
110052758,2
110052797,4
110052806,1
110052824,1
110052919,1
110052931,2
110052947,1
110052950,1
110053012,2
110053049,3
110053163,1
110053165,2
110053174,1
110053278,4
110053307,1
110053353,1
110053362,1
110053531,1
110053536,1
110053574,4
110053617,2
110053670,1
110053703,2
110053775,1
110053875,2
110053898,2
110053927,1
110053946,1
110053960,1
110053962,1
110053979,2
110053989,2
110054041,2
110054051,4
110054195,1
110054199,4
110054231,1
110054301,4
110054336,2
110054400,1
110054411,1
110054429,4
110054582,3
110054635,3
110054647,1
110054691,1
110054779,2
110054841,2
110054855,1
110054872,4
110054898,1
110054922,1
110055038,4
110055088,2
110055090,1
110055186,2
110055210,2
110055224,1
110055531,4
110055544,1
110055572,2
110055642,4
110055722,3
110055730,2
110055782,3
110055861,4
110055970,1
110055997,1
110056069,1
110056154,2
110056266,2
110056288,1
110056406,2
110056421,2
110056459,1
110056503,2
110056535,2
110056552,2
110056649,1
110056654,1
110056658,1
110056690,4
110056692,1
110056749,4
110056789,1
110056796,2
110056969,1
110057063,4
110057076,1
110057207,2
110057217,1
110057242,2
110057253,2
110057346,4
110057358,1
110057403,2
110057407,1
110057619,1
110057654,4
110057728,1
110057857,1
110057864,1
110057881,1
110057890,4
110057917,1
110057937,2
110057957,4
110057980,1
110057993,1
110058044,2
110058133,4
110058269,1
110058281,2
110058322,1
110058408,2
110058447,1
110058485,1
110058531,1
110069086,2
110069128,1
110069358,1
110069499,1
110069502,2
110069503,1
110069519,1
110069605,2
110069613,4
110069675,2
110069703,2
110069730,2
110069749,1
110069907,2
110069961,2
110069983,1
110069985,3
110069995,2
110070107,4
110070113,1
110070121,4
110070205,1
110070260,1
110070294,3
110070313,1
110070329,2
110070353,2
110070448,1
110070484,1
110070575,3
110070576,2
110070604,1
110070635,3
110070667,2
110070848,3
110070938,3
110070961,1
110070987,2
110071024,1
110071026,2
110071074,2
110071080,1
110071146,4
110071243,4
110071245,2
110071266,3
110071270,4
110071273,2
110071284,2
110071316,1
110071328,1
110071345,1
110071385,1
110071399,3
110071442,3
110071526,2
110071569,4
110071662,2
110071733,2
110071880,2
110071945,1
110072078,2
110072100,3
110072118,1
110072209,1
110072439,1
110072481,1
110072697,4
110072702,1
110072724,2
110072748,3
110072753,3
110072766,4
110072795,1
110072822,1
110072833,3
110072929,3
110072998,1
110073101,1
110073173,4
110073239,3
110073256,1
110073421,2
110073825,3
110073839,2
110073849,3
110073883,1
110073923,2
110073926,1
110073952,2
110073978,2
110074172,4
110074268,2
110074284,2
110074372,2
110074404,4
110074431,1
110074449,2
110074463,2
110074511,1
110074576,2
110074593,1
110074693,2
110074745,1
110074769,2
110074807,1
110074808,3
110074884,4
110074914,1
110074996,1
110075061,2
110075190,1
110075367,1
110075423,4
110075544,2
110075637,2
110075845,2
110075885,3
110075890,4
110075995,1
110076170,3
110076266,1
110076350,1
110076581,2
110076583,3
110076628,1
110076656,1
110076704,2
110076781,1
110076802,2
110076845,1
110076848,4
110076956,2
110077185,3
110077245,2
110077300,4
110077368,2
110077427,4
110077615,1
110077692,2
110077701,2
110077773,2
110077806,1
110077813,1
110077836,2
110077918,1
110078065,4
110078066,4
110078114,1
110078148,2
110078257,1
110078278,2
110078286,4
110078297,1
110078374,2
110078408,1
110078424,4
110078426,4
110078468,2
110079017,3
110079164,2
110079265,2
110079410,2
110079430,2
110079444,2
110079473,1
110079491,3
110079524,2
110079530,1
110079580,4
110079624,1
110079653,4
110079756,1
110079787,2
110079875,1
110079881,2
110079901,4
110080029,2
110080110,3
110080142,2
110080166,1
110080169,2
110080219,1
110080225,2
110080229,3
110080281,4
110080308,4
110080330,2
110080466,1
110080502,3
110080569,1
110080590,1
110080657,4
110080671,1
110080692,4
110080695,1
110080762,4
110080790,2
110080830,4
110080844,4
110080886,1
110081006,2
110081051,4
110081073,2
110081086,1
110081116,2
110081130,1
110081305,2
110081421,1
110081439,1
110081463,4
110081472,4
110081608,4
110081746,2
110081885,1
110081893,4
110081972,1
110082028,2
110082030,1
110082037,1
110082096,1
110082134,4
110082195,1
110082348,2
110082403,4
110082577,1
110082619,4
110082698,3
110082701,1
110082731,1
110082767,1
110082804,2
110082831,1
110082995,4
110083188,1
110083321,4
110083448,1
110083449,3
110083520,2
110083540,1
110083575,2
110083605,1
110083667,2
110083684,1
110083748,4
110083810,1
110083815,2
110083831,1
110083832,1
110083883,2
110084003,1
110084040,4
110084063,2
110084245,2
110441442,1
110441851,1
110442148,2
110442158,1
110442197,1
111649628,4
112015925,1
112806038,1
112806246,2
112807755,3
112808153,2
112808720,3
112808977,4
112809259,4
112809277,2
112809378,1
112809495,1
112809520,3
112809739,1
112809749,3
112809880,1
112809988,3
112810142,2
112810249,3
112810931,4
112811141,2
112811223,1
112811300,3
112812436,4
112812589,3
112812854,3
112813058,2
112813674,4
112813740,4
112814467,1
112814706,1
112814931,1
112815326,1
112815846,4
112815861,1
112816574,3
112816647,1
112816657,4
112816810,4
112816939,2
112817043,3
112817100,2
112817425,3
112817651,3
112818142,1
112818342,2
112818665,3
112819217,2
112819573,3
112819595,1
112819757,3
112819808,1
112819983,3
112820127,2
112820384,1
112820410,2
112820491,1
112821298,1
112821481,2
112821503,2
112822679,3
112823552,3
112824241,4
112824244,3
112825250,4
112825651,4
112825717,1
112825834,1
112825960,3
112826439,4
112827340,1
112827437,1
112827738,4
112827852,4
112827943,4
112828175,1
112828376,3
112828641,2
112828700,3
112829143,1
112829344,1
112829662,4
112829947,3
112831921,3
112831952,2
112832366,2
112832405,2
112832499,1
112832625,2
112832921,3
112833278,2
112833853,1
112834179,4
112834339,2
112834646,1
112834787,1
112834959,1
112835085,3
112835404,3
112835752,3
112835948,1
112836087,2
112836450,3
112837436,1
112838095,1
112838612,1
112838620,1
112838802,4
112839155,3
112839555,4
112839714,1
112839771,1
112840026,3
112840056,3
112840388,3
112840424,2
112840500,2
112840580,4
112841310,1
112841398,3
112841431,2
112841679,1
112841798,3
112841918,1
112843345,1
112843707,2
112843861,1
112844278,1
112844283,4
112844466,4
112844723,4
112844858,1
112845995,2
112846000,3
112846119,1
112846524,3
112846527,3
112846668,3
112847076,3
112847089,1
112847876,2
112848243,1
112848316,1
112848540,1
112848964,3
112849270,2
112849312,1
112849371,1
112849434,1
112850195,2
112851305,3
112851462,4
112851479,3
112851526,2
112851606,3
112851702,1
112851880,1
112852410,3
112852872,4
112852914,3
112853804,1
112853850,3
112853859,1
112853911,3
113321415,4
113321441,4
113321477,4
113321504,4
113321509,3
113321604,1
113321757,1
113321899,4
113321945,3
113322170,4
113322189,2
113322321,4
113322572,2
113322620,4
113322636,4
113322661,4
113322734,4
113322870,4
113322997,4
113323272,4
113323557,1
113324020,2
113324147,1
113324325,4
113324679,4
113324894,3
113324948,3
113324970,1
113325072,2
113325200,4
113325532,3
113325536,2
113325660,2
113325723,2
113325738,4
113325793,4
113325812,4
113325819,1
113325851,2
113326042,4
113326074,2
113326087,4
113326095,2
113326332,3
113326475,4
113326609,4
113326775,4
113326776,2
113326793,3
113326882,4
113326961,3
113327057,4
113327095,2
113327111,2
113327255,4
113327427,4
113327502,1
113327784,4
113327841,1
113328048,4
113328114,4
113328389,3
113328460,4
113328475,4
113328527,3
113328548,1
113328673,1
113328757,1
113328771,2
113328772,3
113328897,4
113329021,1
113329341,3
113329399,1
113329414,3
113329811,4
113329902,4
113329939,4
113330103,4
113330186,1
113330241,3
113330638,4
113330893,3
113331177,4
113331694,4
113331772,3
113331804,4
113332033,2
113332172,2
113332269,3
113332299,1
113332368,4
113332384,2
113332390,4
113332474,4
113332494,4
113332622,2
113332669,4
113332684,4
113332701,1
113332982,2
113333051,4
113333057,1
113333156,4
113333416,4
113333478,4
113333733,3
113333744,1
113333852,1
113334015,1
113334062,2
113334125,4
113334130,1
113334133,2
113334258,4
113334274,2
113334283,4
113334353,1
113334476,3
113334592,2
113334625,3
113334647,1
113334700,4
113334702,1
113334703,3
113334742,3
113334777,2
113334819,1
113334935,1
113334936,4
113334968,4
113335305,3
113335405,2
113335470,2
113335567,1
113335575,1
113335714,2
113335716,2
113335849,2
113335927,1
113335965,4
113336009,1
113336023,3
113336101,3
113336258,3
113336305,4
113336335,4
113336343,4
113336359,2
113336488,1
113336555,3
113336629,2
113336654,2
113336661,2
113336859,4
113336868,1
113365396,4
113365425,2
113365456,3
113365472,2
113957763,2
114256971,4
115598129,1
115598741,1
119241211,1
120027298,3
120406117,4
120406164,1
120413053,2
120415745,1
120427682,4
120849705,1
120850237,3
121430293,1
121430316,4
121430348,2
121430361,3
121430383,2
121430385,4
121430390,1
121430392,4
121430393,2
121430404,2
121430492,4
121430506,2
121430508,4
121430521,1
121430556,4
121430579,4
121430620,2
121430652,4
121430805,1
121430913,2
121430951,1
121431033,2
121431040,1
121431049,3
121431087,1
121431103,2
121431110,3
121431117,1
121431131,1
121431163,4
121431172,2
121431206,1
121431280,2
121431406,1
121431442,2
121431501,2
121431534,2
121431595,2
121431602,1
121431619,4
121431634,2
121431735,2
121432018,3
121432642,2
121432649,1
121432920,4
121433105,2
121433124,4
121433141,2
121433213,3
121433262,3
121433412,2
121433425,2
121433460,2
121433472,3
121433514,1
121433530,1
121433559,2
121433648,2
121433683,4
121433685,4
121433694,1
121433709,2
121433771,2
121433835,2
121433845,1
121433875,2
121433891,4
121433900,3
121433921,4
121433979,2
121433986,2
121433990,2
121433994,2
121434020,2
121434040,4
121434057,2
121434080,4
121434096,4
121434100,2
121434226,1
121434346,3
121434413,4
121434470,1
121434476,4
121434504,2
121434538,1
121434553,1
121434615,1
121434656,1
121434674,1
121434680,1
121434733,1
121434741,1
121434750,1
121434767,4
121434787,2
121434812,2
121434872,4
121434903,4
121434977,4
121435002,4
121435011,4
121435091,2
121435172,4
121435193,4
121435228,3
121435246,2
121435249,1
121435252,2
121435279,2
121435335,3
121435360,1
121435384,4
121435433,4
121435465,1
121435476,4
121435477,1
121435482,4
121435486,4
121435500,1
121435520,2
121435524,4
121435569,2
121435650,3
121435695,4
121437633,3
121438232,2
121438260,1
121438414,2
121438581,2
121438649,4
121438657,4
121438836,3
121438849,2
121439067,2
121439223,4
121439267,4
121439289,2
121439300,1
121439404,1
121439672,4
121439810,1
121439897,1
121440249,2
121450598,4
121450839,2
121451008,1
121451242,1
121451357,2
121452388,2
121452681,3
121453217,2
121453267,4
121453298,2
121453677,1
121454028,1
121454516,1
121456125,2
121456720,2
121456976,2
121457097,4
121457646,3
121457857,1
121457920,2
121458442,4
121458821,1
121458852,1
121458929,2
121458961,4
121459183,1
121459400,2
121459474,4
121459538,1
121476860,4
121477061,4
121477071,1
121477079,2
121477099,4
121477100,4
121477109,4
121477118,4
121477121,1
121477124,4
121477125,2
121477171,4
121477174,3
121477179,1
121477193,1
121477212,1
121478315,4
121484195,2
121484226,1
122125361,1
122125386,1
122125392,1
122125420,2
122125428,1
122125434,1
122125442,1
122125448,2
122125463,1
122125470,2
122379126,2
122379200,2
122379228,2
122379288,1
122379311,1
122379318,1
122379363,2
123045411,1
123045699,3
124076151,4
124076156,1
124087901,2
124087922,2
124087951,1
124088040,4
124088044,3
124088060,4
124088110,1
124088115,2
124088170,2
124088197,1
124088219,1
124088232,4
124088284,1
124088294,2
124088297,1
124088299,2
124088301,2
124088305,1
124088317,2
124088347,2
124088370,2
124088392,1
124088398,1
124088410,2
124088415,1
124088419,2
124088429,2
124088436,1
124088448,4
124088453,1
124088458,4
124088475,1
124088501,1
124088511,2
124088518,2
124088521,4
124089287,2
124089300,1
124089362,1
124089509,1
124099693,1
124099770,1
126471400,2
127813582,4
127814604,4
127815100,2
127815172,4
127815448,4
127817328,2
127817677,2
127818573,2
127818687,2
127819419,4
127819618,2
127819828,1
127820097,1
127820299,4
127820475,1
127820548,2
127820696,4
127820932,4
127821188,4
127821728,2
127821903,2
127822077,2
127822260,1
127822475,4
127822498,1
127822836,2
127822912,4
127823122,4
127823125,1
127823138,1
127823262,3
127823389,4
127823511,2
127824359,2
127824853,4
127825031,4
127825576,1
127825899,1
127826792,4
127826874,1
127827000,2
127828387,4
127828529,2
127828614,1
127828914,3
127829048,2
127829168,2
127829278,2
127829463,2
127829485,2
127829511,2
127829525,2
127829530,2
127829607,1
127829708,4
127829738,2
127829937,1
127830211,1
127830224,2
127830485,4
127830525,1
127830575,1
127830593,1
127831027,2
127831061,2
127831154,2
127831565,4
127831690,1
127831889,1
127832108,1
127832391,3
127832500,2
127832505,2
127832581,1
127832634,1
127832758,1
127832879,4
127832917,4
127832933,2
127833007,2
127833066,2
127833275,1
127833623,2
127833722,1
127833750,2
127833796,2
127833840,1
127834198,1
127834225,2
127834605,4
127893952,4
127897156,2
127903143,2
127903347,2
127903623,4
127906052,1
127906676,1
128429599,1
129055772,1
129055939,1
129055986,1
129056011,1
129056051,1
129056863,1
129057028,1
129057052,1
129057119,1
129057299,4
129057887,2
129057955,4
129058144,4
129058486,2
129058759,1
129059286,1
129059639,1
129059726,1
129060146,2
129060179,1
129060246,1
129060403,1
129060875,2
129060983,3
129061075,1
129061899,4
129062009,1
129062067,1
129062119,1
129062142,1
129062328,1
129063129,4
129063965,2
129063974,1
129064692,1
129064709,1
129064757,4
129064881,1
129064908,3
129064910,2
129065022,4
129065024,1
129065064,1
129065276,1
129065501,1
129065521,1
129065574,1
129065628,2
129065685,1
129065801,1
129065816,2
129065818,1
129065834,2
129065849,1
129065871,2
129065899,1
129065969,1
129065992,1
129066042,1
129066135,4
129066166,1
129066199,2
129066217,3
129066350,1
129066436,1
129066490,1
129066538,2
129066550,1
129066565,1
129066568,1
129066609,1
129066628,1
129066799,1
129066817,4
129066821,1
129066870,1
129066906,4
129066939,1
129066948,1
129066985,2
129067170,2
129067257,2
129067259,2
129067356,2
129067360,1
129067365,1
129067399,1
129067470,2
129067490,1
129067513,2
129067588,1
129067630,2
129067656,1
129067666,1
129067698,2
129067742,4
129067809,1
129067885,1
129067924,2
129067948,3
129067982,1
129068072,1
129068085,4
129068135,2
129068154,1
129068178,1
129068201,3
129068206,1
129068225,3
129068235,2
129068304,1
129068377,1
129068398,1
129068408,4
129068455,1
129068656,1
129068671,1
129288009,4
129288044,2
129288861,1
129288979,1
129289002,4
129289065,1
129289166,4
129289217,1
129289575,1
129313592,1
129313844,4
129313946,1
129313953,4
129313965,1
129313967,4
129314009,3
129314010,1
129314014,1
129314030,1
129314081,1
129314142,1
129314195,1
129314255,1
129314259,4
129314269,1
129314332,1
129314402,2
129314454,1
129314457,2
129314631,3
129314647,2
129314670,1
129314714,1
129314772,1
129314845,1
129314996,1
129315005,4
129315013,2
129315258,4
129315275,1
129315285,2
129315301,2
129315308,2
129315312,2
129315313,2
129315330,1
129315341,2
129315377,2
129315380,4
129315386,1
129315419,2
129315430,1
129315491,4
129315511,1
129315530,4
129315581,1
129315587,4
129315615,4
129315626,2
129315650,1
129315686,4
129315865,1
129315888,4
129315896,1
129315963,1
129315987,4
129406396,4
129406398,1
129802455,2
129802544,2
129802982,2
129803061,2
129803326,2
129803331,2
129803478,2
130011402,1
130011404,1
130011419,2
130011433,4
130011441,4
130011474,1
130011519,1
130011643,2
130011685,1
130011719,2
130011725,1
130011775,4
130011801,1
130011837,4
130012274,1
130012525,2
130012770,4
130013029,1
130013397,1
130013408,1
130013649,2
130013729,1
130013914,1
130013918,4
130013930,4
130014483,2
130014546,2
130014553,4
130014591,4
130014602,4
130014618,1
130014741,1
130014828,1
130014913,1
130015448,1
130015473,4
130015505,2
130015514,1
130015544,1
130015558,1
130015599,4
130015614,4
130015724,4
130015734,1
130015759,1
130015839,2
130015851,1
130015890,4
130015913,1
130015945,4
130016141,4
130016268,1
130016395,2
130016402,4
130016483,1
130016504,1
130016531,4
130016575,1
130016577,4
130016607,1
130016624,1
130016627,2
130016670,4
130016870,2
130016935,1
130016951,4
130017015,1
130017062,1
130017069,1
130017070,1
130017079,1
130017084,4
130017100,4
130017106,2
130017149,4
130017177,1
130562932,1
130599194,2
130599203,1
130599322,1
130599355,1
130599536,1
130599771,1
130600501,4
130600539,2
130601076,1
130601099,1
130601168,2
130601223,1
130601229,1
130601415,4
130601427,2
130601457,4
130601458,1
130601498,1
130601501,3
130601623,1
130601665,4
130601688,4
130601751,4
130601844,1
130601854,4
130610143,2
130610146,1
130610171,2
130610265,4
130610294,1
130610346,1
130610376,2
130610432,4
130610458,2
130610479,2
130610602,4
130610632,1
130610747,1
130610807,1
130610907,1
130611016,3
130611018,1
130611137,1
130611251,1
130611265,1
130611296,4
130611306,2
130611321,1
130611573,2
130611748,1
130611841,3
130611848,1
130612169,4
130612623,2
130612854,3
130612984,1
130613153,2
130613386,4
130613733,1
130613741,4
130613912,1
130614197,1
130614243,4
130614651,1
130614671,1
130615108,1
130615166,1
130615483,1
130615486,2
130615610,4
130615877,1
130616224,4
130616437,2
130616505,4
130616678,1
130616683,4
130617030,2
130617319,2
130617396,1
130617486,1
130617694,1
130617722,1
130617859,2
130617869,1
130617918,1
130617964,1
130617978,4
130618589,1
130618644,1
130618731,1
130618810,2
130618879,2
130618940,1
130618966,4
130619045,1
130619176,4
130619240,1
130619283,1
130619364,2
130619426,4
130619472,1
130619592,1
130619663,1
130619790,3
130619957,1
130619977,1
130620011,4
130620053,1
130620132,1
130620139,4
130620240,1
130620257,4
130620261,2
130620275,2
130620318,2
130620396,1
130620425,4
130620441,1
130620506,1
130620529,1
130620659,1
130620660,1
130620774,1
130620897,2
130620951,4
130620971,1
130620974,1
130621015,1
130621034,4
130621055,1
130621089,1
130621128,1
130621158,1
130621210,1
130621217,2
130621219,1
130621272,1
130621312,4
130621318,4
130621330,1
130621348,1
130621353,1
130621373,1
130621376,2
130621451,1
130621457,1
130621469,1
130621472,1
130621712,1
130621769,1
130621777,1
130621808,1
130621814,1
130621820,4
130621845,2
130621884,4
130621899,1
130622000,2
130622076,2
130622083,1
130622085,2
130622086,1
130622101,4
130622113,1
130622154,1
130622162,1
130622203,4
130622238,1
131004506,4
131004513,1
132226119,3
132226120,3
132242775,1
132242779,2
132242871,2
132243033,1
132243037,1
132243092,4
132243123,1
132243136,2
132243142,1
132243185,1
132243598,2
132243627,1
132243632,1
132243846,4
132243944,2
132243997,2
132244012,1
132244054,2
132244108,1
132244327,2
132244339,1
132244354,4
132244868,1
132245662,2
132245750,2
132245760,2
132245803,1
132245832,2
132245888,1
132245951,4
132245952,2
132245989,1
132246071,1
132246160,1
132246203,2
132246237,2
132246252,2
